{
    "playlistCreatednsongAddedAlert": "Създаден плейлист и добавена песен!",
    "dismiss": "Отхвърляне",
    "goToDownloadPage": "Щракнете тук за да отидете на страницата за изтегляне",
    "songEnqueueAlert": "Песента е в опашката!",
    "renamePlaylist": "Преименуване на плейлист",
    "songAddedToPlaylistAlert": "Песента е добавена към плейлиста!",
    "unlinkAlert": "Връзката е прекратена успешно!",
    "playlistCreatedAlert": "Плейлистът е създаден!",
    "reset": "Нулиране",
    "unLink": "Прекратете връзката",
    "trending": "Набиращи популярност",
    "searchRes": "Резултати от търсенето",
    "cacheSongsDes": "Кеширане на песни по време на възпроизвеждане за бъдещо/офлайн възпроизвеждане, това ще отнеме допълнително място на вашето устройство",
    "password": "Парола",
    "noLibPlaylist": "Нямате плейлист в библиотеката!",
    "setDiscoverContent": "Задайте съдържание за откриване",
    "networkError1": "Ами грешка в мрежата!",
    "songRemovedfromQueue": "Премахнато от опашката!",
    "libSongs": "Библиотека Песни",
    "githubDes": "Вижте изходния код на GitHub \nако ви харесва този проект, не забравяйте да дарите ⭐",
    "communityplaylists": "Плейлисти на Общността",
    "playlistRemovedAlert": "Плейлистът е премахнат!",
    "libAlbums": "Библиотека Албуми",
    "albumBookmarkRemoveAlert": "Отметката за албума е премахната!",
    "notaSongVideo": "Не е песен/музикален видеоклип!",
    "ignoreBatOptDes": "Ако имате проблеми с уведомяването или възпроизвеждането е спряно от системна оптимизация, моля, активирайте тази опция",
    "for1": "за",
    "low": "Ниско",
    "link": "Връзка",
    "selectAuthIns": "Изберете инстанция за удостоверяване",
    "languageDes": "Задайте език на приложението",
    "stopMusicOnTaskClear": "Спрете музиката при изчистване на задачата",
    "enqueueAll": "Добавете всички към опашката",
    "customInsSelectMsg": "Моля, изберете персонализирана инстанция",
    "skipSilence": "Пропуснете мълчанието",
    "create": "Създаване",
    "equalizer": "Еквалайзер",
    "enqueueSong": "Поставете тази песен в опашката",
    "noBookmarks": "Без отметки!",
    "playlists": "Плейлисти",
    "videos": "Видеоклипове",
    "enabled": "Активирано",
    "allFieldsReqMsg": "Всички полета са задължителни",
    "artistBookmarkAddAlert": "Изпълнителят е маркиран!",
    "removeFromCache": "Премахване от кеша",
    "rename": "Преименуване",
    "viewAll": "Виж всички",
    "github": "GitHub",
    "newVersionAvailable": "Налична е нова версия!",
    "items": "елементи",
    "subscribers": "абонати",
    "startRadio": "Стартирайте радиото",
    "discover": "Открийте",
    "cacheSongs": "Кеш песни",
    "songAlreadyExists": "Песента вече съществува!",
    "libArtists": "Библиотека Изпълнители",
    "username": "Потребителско име",
    "light": "Светла",
    "resetblacklistedplaylist": "Нулиране на плейлисти в черен списък",
    "dynamic": "Динамичен",
    "selectAuthInsMsg": "Моля, изберете инстанция за удостоверяване!",
    "equalizerDes": "отворете системния еквалайзер",
    "removePlaylist": "Премахване на плейлист",
    "customIns": "Персонализирана инстанция",
    "Piped": "Piped",
    "addToPlaylist": "Добави към плейлист",
    "stopMusicOnTaskClearDes": "Възпроизвеждането на музика ще спре, когато приложението се плъзне от диспечера на задачите",
    "cachedOrOffline": "Кеширано/Офлайн",
    "retry": "Опитайте отново!",
    "artists": "Изпълнители",
    "playlistBookmarkAddAlert": "Плейлистът е маркиран!",
    "albums": "Албуми",
    "radioNotAvailable": "Радиото не е достъпно за този изпълнител!",
    "recentlyPlayed": "Наскоро изпълнявани",
    "viewArtist": "Преглед на изпълнител",
    "createnAdd": "Създаване и добавяне",
    "topmusicvideos": "Най-популярни",
    "about": "Относно",
    "playlistBookmarkRemoveAlert": "Отметката за плейлиста е премахната!",
    "systemDefault": "Система по подразбиране",
    "local": "Локално",
    "ignoreBatOpt": "Игнорирайте оптимизация на батерията",
    "singles": "Сингли",
    "linkAlert": "Свързано успешно!",
    "status": "Статус",
    "themeMode": "Тематичен режим",
    "streamingQualityDes": "Качество на музикалния поток",
    "nomatch": "Няма намерени съвпадения за",
    "notaValidLink": "Невалидна връзка!",
    "emptyPlaylist": "Празен плейлист!",
    "favorites": "Любими",
    "dark": "Тъмна",
    "home": "Начало",
    "cancel": "Отказ",
    "by": "от",
    "streamingQuality": "Качество на потока",
    "linkPipedDes": "Връзка с piped за плейлисти",
    "libPlaylists": "Библиотека Плейлисти",
    "disabled": "Деактевирано",
    "CreateNewPlaylist": "Създайте нов плейлист",
    "blacklistPlstResetAlert": "Нулирането е успешно!",
    "language": "Език",
    "search": "Търсене",
    "skipSilenceDes": "Тишината ще бъде пропусната при възпроизвеждане на музика",
    "playNext": "Изпални следващ",
    "errorOccuredAlert": "Възникна някаква грешка!",
    "songs": "Песни",
    "high": "Високо",
    "searchDes": "Песни,Плейлист,Албум или Изпълнител",
    "results": "Резултати",
    "playlistBlacklistAlert": "Плейлистът е в черен списък!",
    "artistDesNotAvailable": "Описанието не е налично!",
    "resetblacklistedplaylistDes": "Нулирайте всички piped плейлисти в черен списък",
    "songRemovedfromQueueCurrSong": "Не можете да премахнете текущо възпроизвежданата песен",
    "settings": "Настройки",
    "basedOnLast": "Въз основа на интереса",
    "hintApiUrl": "API URL към Piped инстанция",
    "playlistRenameAlert": "Преименувано успешно!",
    "albumBookmarkAddAlert": "Албумът е маркиран!",
    "removeFromPlaylist": "Премахване от плейлиста",
    "lyricsNotAvailable": "Текстовете не са налични!",
    "dontShowInfoAgain": "Не показвай тази информация отново",
    "noOfflineSong": "Няма офлайн песни!",
    "featuredplaylists": "Представени Плейлисти",
    "quickpicks": "Бърз избор",
    "artistBookmarkRemoveAlert": "Отметката за изпълнител е премахната!",
    "operationFailed": "Операцията се провали",
    "goToAlbum": "Отидете на албум",
    "removeFromQueue": "Премахване от опашката",
    "shareSong": "Споделете тази песен",
    "songRemovedAlert": "Премахнато от",
    "downloads": "Изтегляния",
    "removeFromLib": "Премахване на песни от библиотеката",
    "downloadingFormat": "Изтегляне на файлов формат",
    "songAlreadyOfflineAlert": "Песента вече е офлайн в кеша",
    "downloadLocation": "Местоположение на изтеглянията",
    "downloadingFormatDes": "Изберете файлов формат за изтегляне. \"Opus\" ще осигури най-доброто качество",
    "minutes": "минути",
    "endOfThisSong": "Край на тази песен",
    "enableBottomNav": "Долната навигационна лента",
    "enableBottomNavDes": "Превключване към долната лента за навигация",
    "synced": "Синхронизирано",
    "plain": "Обикновен",
    "cancelTimerAlert": "Таймерът за заспиване е отменен",
    "syncedLyricsNotAvailable": "Синхронизираните текстове не са налични!",
    "sleepTimer": "Таймер за заспиване",
    "library": "Библиотека",
    "add5Minutes": "Добавете 5 минути",
    "homeContentCount": "Брой начално съдържание",
    "cancelTimer": "Отмяна на таймера",
    "homeContentCountDes": "Изберете броя на първоначалното съдържание на началния екран (приблизително).  По-малко резултати, по-бързо зареждане",
    "sleepTimeSetAlert": "Вашият таймер за заспиване е зададен"
}
