{
    "home": "Domů",
    "playlistCreatednsongAddedAlert": "Playlist vytvořen a skladba přidána!",
    "dismiss": "Odmítnout",
    "goToDownloadPage": "Kliknutím sem přejdete na stránku ke stažení",
    "songEnqueueAlert": "Skladba zařazena!",
    "renamePlaylist": "Přejmenovat playlist",
    "songAddedToPlaylistAlert": "Skladba přidána do playlistu!",
    "unlinkAlert": "Úspěšně odpojeno!",
    "playlistCreatedAlert": "Playlist vytvořen!",
    "reset": "Obnovit",
    "unLink": "Odstranění odkazu",
    "trending": "Trendy",
    "searchRes": "Výsledky vyhledávání",
    "cacheSongsDes": "Ukládání skladeb do mezipaměti během přehrávání pro budoucí/offline přehrávání zabere v zařízení další místo",
    "password": "Heslo",
    "noLibPlaylist": "Nemáte žádný playlist lib!",
    "setDiscoverContent": "Nastavení objevování obsahu",
    "networkError1": "Ups chyba sítě!",
    "songRemovedfromQueue": "Odstraněno z fronty!",
    "libSongs": "Knihovna skladeb",
    "githubDes": "Zobrazit zdrojový kód GitHub\npokud se vám tento projekt líbí, nezapomeňte dát ⭐",
    "communityplaylists": "Komunitní playlisty",
    "playlistRemovedAlert": "Playlist odstraněn!",
    "libAlbums": "Knihovna alb",
    "albumBookmarkRemoveAlert": "Album odstraněno ze záložek!",
    "notaSongVideo": "Ne píseň/hudební video!",
    "ignoreBatOptDes": "Pokud se potýkáte s problémy s oznámeními nebo se přehrávání zastavilo kvůli optimalizaci systému, povolte tuto možnost",
    "for1": "pro",
    "low": "Nízká",
    "link": "Odkaz",
    "selectAuthIns": "Vyberte Instanci ověření",
    "languageDes": "Nastavení jazyka aplikace",
    "stopMusicOnTaskClear": "Zastavení hudby při vymazání správce úloh",
    "enqueueAll": "Zařadit vše do fronty",
    "customInsSelectMsg": "Prosím, vyberte možnost Vlastní instance",
    "skipSilence": "Přeskočit ticho",
    "create": "Vytvořit",
    "equalizer": "Ekvalizér",
    "enqueueSong": "Zařadit tuto skladbu do fronty",
    "noBookmarks": "Žádné záložky!",
    "playlists": "Playlisty",
    "videos": "Videa",
    "enabled": "Povoleno",
    "allFieldsReqMsg": "Všechna pole jsou povinná",
    "artistBookmarkAddAlert": "Interpret přidán do záložek!",
    "removeFromCache": "Odstranit z mezipaměti",
    "rename": "Přejmenovat",
    "viewAll": "Zobrazit vše",
    "github": "GitHub",
    "newVersionAvailable": "K dispozici je nová verze!",
    "items": "položky",
    "subscribers": "odběratelé",
    "startRadio": "Spustit rádio",
    "discover": "Objevit",
    "cacheSongs": "Skladby v mezipaměti",
    "songAlreadyExists": "Skladba už existuje!",
    "libArtists": "Knihovna interpretů",
    "username": "Uživatelské jméno",
    "light": "Světlý",
    "resetblacklistedplaylist": "Obnovení playlistů na černé listině",
    "dynamic": "Dynamický",
    "selectAuthInsMsg": "Prosím, vyberte instanci ověřování!",
    "equalizerDes": "ekvalizér otevřeného systému",
    "removePlaylist": "Odstranit playlist",
    "customIns": "Vlastní instance",
    "Piped": "Piped",
    "addToPlaylist": "Přidat do playlistu",
    "stopMusicOnTaskClearDes": "Přehrávání hudby se zastaví, když se přejede prstem po aplikaci ze správce úloh",
    "cachedOrOffline": "Uloženo do mezipaměti/offline",
    "retry": "Zkuste to znovu!",
    "artists": "Interpreti",
    "playlistBookmarkAddAlert": "Playlist přidán do záložek!",
    "albums": "Alba",
    "radioNotAvailable": "Rádio pro tohoto interpreta není k dispozici!",
    "recentlyPlayed": "Nedávno přehrané",
    "viewArtist": "Zobrazit interpreta",
    "createnAdd": "Vytvořit a přidat",
    "topmusicvideos": "Nejlepší hudební videa",
    "about": "O aplikaci",
    "playlistBookmarkRemoveAlert": "Playlist odstraněn ze záložek!",
    "systemDefault": "Výchozí nastavení systému",
    "local": "Místní",
    "ignoreBatOpt": "Ignorovat optimalizace baterie",
    "singles": "Singly",
    "linkAlert": "Úspěšně propojeno!",
    "status": "Stav",
    "themeMode": "Režim motivu",
    "streamingQualityDes": "Kvalita hudebního streamu",
    "nomatch": "Nebyla nalezena shoda pro",
    "notaValidLink": "Neplatný odkaz!",
    "emptyPlaylist": "Prázdný playlist!",
    "favorites": "Oblíbené",
    "dark": "Tmavý",
    "cancel": "Zrušit",
    "by": "od",
    "streamingQuality": "Kvalita streamu",
    "linkPipedDes": "Odkaz s Piped pro playlisty",
    "libPlaylists": "Knihovna playlistů",
    "disabled": "Zakázáno",
    "CreateNewPlaylist": "Vytvořit nový playlist",
    "blacklistPlstResetAlert": "Obnovení proběhlo úspěšně!",
    "language": "Jazyk",
    "search": "Vyhledávání",
    "skipSilenceDes": "Při přehrávání hudby se přeskočí ticho",
    "playNext": "Přehrát jako další",
    "errorOccuredAlert": "Došlo k nějaké chybě!",
    "songs": "Skladby",
    "high": "Vysoká",
    "searchDes": "Skladby, Playlisty, Alba nebo Interpreti",
    "results": "Výsledky",
    "playlistBlacklistAlert": "Playlist na černé listině!",
    "artistDesNotAvailable": "Popis není k dispozici!",
    "resetblacklistedplaylistDes": "Obnovení všech playlistů zařazených na černou listinu",
    "songRemovedfromQueueCurrSong": "Aktuálně přehrávanou skladbu nelze odebrat",
    "settings": "Nastavení",
    "basedOnLast": "Na základě poslední interakce",
    "hintApiUrl": "Adresa URL rozhraní API na instanci Piped",
    "playlistRenameAlert": "Úspěšně přejmenováno!",
    "albumBookmarkAddAlert": "Album přidáno do záložek!",
    "removeFromPlaylist": "Odstranit z playlistu",
    "lyricsNotAvailable": "Texty písní nejsou k dispozici!",
    "dontShowInfoAgain": "Tuto informaci již nezobrazujte",
    "noOfflineSong": "Žádné skladby offline!",
    "featuredplaylists": "Doporučené playlisty",
    "quickpicks": "Rychlý výběr",
    "artistBookmarkRemoveAlert": "Interpret odstraněn ze záložek!",
    "operationFailed": "Operace selhala",
    "goToAlbum": "Přejít do alba",
    "removeFromQueue": "Odstranit z fronty",
    "shareSong": "Sdílet tuto skladbu",
    "songRemovedAlert": "Odstraněno z",
    "downloads": "Stahování",
    "removeFromLib": "Odebrat z knihovny skladeb",
    "downloadingFormat": "Stahování formátu souboru",
    "songAlreadyOfflineAlert": "Skladba je v mezipaměti již offline",
    "downloadLocation": "Umístění stahování",
    "downloadingFormatDes": "Vyberte formát souboru pro stahování. \"Opus\" bude poskytovat nejlepší kvalitu",
    "sleepTimer": "Časovač spánku",
    "minutes": "minut",
    "synced": "Synchronizováno",
    "library": "Knihovna"
}
