{
    "home": "Startseite",
    "songs": "Lieder",
    "playlists": "Wiedergabelisten",
    "albums": "Alben",
    "settings": "Einstellungen",
    "libSongs": "Songs in der Bibliothek",
    "libPlaylists": "Wiedergabelisten",
    "libAlbums": "Alben in der Bibliothek",
    "libArtists": "Künstler/innen in der Bibliothek",
    "items": "Artikel",
    "networkError1": "Ups, Netzwerkfehler!",
    "retry": "Wiederholen!",
    "noOfflineSong": "Keine Offline-Lieder!",
    "favorites": "Favoriten",
    "cachedOrOffline": "Zwischengespeichert/Oflline",
    "emptyPlaylist": "Leere Wiedergabeliste!",
    "enqueueAll": "Alle in die Warteschlange einreihen",
    "renamePlaylist": "Wiedergabeliste umbenennen",
    "removePlaylist": "Wiedergabeliste entfernen",
    "CreateNewPlaylist": "Neue Wiedergabeliste erstellen",
    "cancel": "Abbrechen",
    "create": "Erstellen",
    "createnAdd": "Erstellen & hinzufügen",
    "noBookmarks": "Keine Lesezeichen!",
    "startRadio": "Radio starten",
    "enqueueSong": "Dieses Lied einreihen",
    "goToAlbum": "Zum Album",
    "viewArtist": "Künstler/innen ansehen",
    "shareSong": "Dieses Lied teilen",
    "removeFromQueue": "Aus der Warteschlange entfernen",
    "removeFromCache": "Aus dem Zwischenspeicher entfernen",
    "dynamic": "Dynamisch",
    "themeMode": "Themenmodus",
    "quickPics": "Schnellauswahl",
    "discover": "Entdecke",
    "systemDefault": "Systemvorgabe",
    "dark": "Dunkel",
    "light": "Hell",
    "trending": "Trend",
    "topMusicVid": "Top-Musikvideos",
    "skipSilence": "Stille überspringen",
    "basedOnLast": "Basierend auf der letzten Interaktion",
    "cacheSongs": "Cache-Songs",
    "cacheSongsDes": "Zwischenspeichern von Titeln während der Wiedergabe für die zukünftige/offline-Wiedergabe, nimmt zusätzlichen Speicherplatz auf Ihrem Gerät in Anspruch.",
    "streamingQuality": "Qualität des Streamings",
    "streamingQualityDes": "Qualität des Musikstreams",
    "high": "hoch",
    "low": "niedrig",
    "equalizer": "Equalizer",
    "equalizerDes": "Öffnet den System-Equalizer",
    "ignoreBatOpt": "Akku-Optimierung ignorieren",
    "status": "Status",
    "enabled": "Aktiviert",
    "disabled": "Deaktiviert",
    "ignoreBatOptDes": "Wenn Sie Probleme mit Benachrichtigungen haben oder die Wiedergabe durch die Systemoptimierung gestoppt wird, aktivieren Sie bitte diese Option",
    "github": "Github",
    "githubDes": "Github-Quellcode ansehen\nWenn Ihnen dieses Projekt gefällt, vergessen Sie nicht, es zu bewerten ⭐",
    "by": "Unter",
    "videos": "Video",
    "search": "Suche",
    "searchDes": "Lieder, Wiedergabeliste, Album oder Künstler/innen",
    "searchRes": "Suchergebnisse",
    "for1": "für",
    "viewAll": "Alle anzeigen",
    "about": "Übersicht",
    "radioNotAvailable": "Radio für diesen Künstler/in nicht verfügbar!",
    "songRemovedfromQueue": "Aus der Warteschlange entfernt!",
    "songRemovedfromQueueCurrSong": "Sie können den aktuell gespielten Titel nicht entfernen",
    "songAddedToPlaylistAlert": "Song zur Wiedergabeliste hinzugefügt!",
    "songAlreadyExists": "Das Lied existiert bereits!",
    "songEnqueueAlert": "Lied in der Warteschlange!",
    "songRemovedAlert": "Entfernt von",
    "errorOccuredAlert": "Es ist ein Fehler aufgetreten!",
    "playlistCreatednsongAddedAlert": "Wiedergabeliste erstellt & Lied hinzugefügt!",
    "playlistRenameAlert": "Erfolgreich umbenannt!",
    "playlistRemovedAlert": "Wiedergabeliste entfernt!",
    "playlistBookmarkAddAlert": "Wiedergabeliste als Lesezeichen markiert!",
    "playlistBookmarkRemoveAlert": "Wiedergabeliste-Lesezeichen entfernt!",
    "selectAuthIns": "Autorisierungsinstanz auswählen",
    "reset": "Zurücksetzen",
    "artists": "Künstler/innen",
    "recentlyPlayed": "Kürzlich abgespielt",
    "playNext": "Als nächstes Wiedergeben",
    "addToPlaylist": "Zur Wiedergabeliste hinzufügen",
    "noLibPlaylist": "Du hast keine Playlist in der Bibliothek!",
    "skipSilenceDes": "Stille wird bei der Musikwiedergabe übersprungen",
    "results": "Ergebnisse",
    "nomatch": "Keine Übereinstimmung gefunden für",
    "subscribers": "Abonnenten",
    "playlistCreatedAlert": "Playlist erstellt!",
    "albumBookmarkAddAlert": "Album als Lesezeichen markiert!",
    "albumBookmarkRemoveAlert": "Album-Lesezeichen entfernt!",
    "artistDesNotAvailable": "Beschreibung nicht verfügbar!",
    "dontShowInfoAgain": "Diese Information nicht mehr anzeigen",
    "artistBookmarkAddAlert": "Künstler/in als Lesezeichen markiert!",
    "artistBookmarkRemoveAlert": "Künstler-Lesezeichen entfernt!",
    "newVersionAvailable": "Neue Version verfügbar!",
    "lyricsNotAvailable": "Liedtext nicht verfügbar!",
    "dismiss": "Ablehnen",
    "notaSongVideo": "Kein Lied/Musik-Video!",
    "unLink": "Aufheben der Verknüpfung",
    "notaValidLink": "Kein gültiger Link!",
    "link": "Verknüpfung",
    "operationFailed": "Operation fehlgeschlagen",
    "local": "Lokal",
    "goToDownloadPage": "Klicken Sie hier, um zur Download-Seite zu gelangen",
    "linkPipedDes": "Mit Piped verknüpfen",
    "username": "Benutzername",
    "password": "Passwort",
    "linkAlert": "Erfolgreich verbunden!",
    "unlinkAlert": "Verknüpfung erfolgreich getrennt!",
    "playlistBlacklistAlert": "Wiedeegabeliste auf die schwarze Liste gesetzt!",
    "blacklistPlstResetAlert": "Erfolgreich zurückgesetzt!",
    "resetblacklistedplaylistDes": "Setzen Sie alle Piped Wiedergabelisten auf der schwarzen Liste zurück",
    "resetblacklistedplaylist": "Auf die schwarze Liste gesetzte Wiedergabelisten zurücksetzen",
    "setDiscoverContent": "Entdecken Sie Inhalte",
    "stopMusicOnTaskClear": "Musik stoppen wenn die Taskleiste geleert wird",
    "stopMusicOnTaskClearDes": "Die Musikwiedergabe wird gestoppt, wenn die App aus dem Task-Manager weggewischt wird",
    "communityplaylists": "Community Wiedergabelisten",
    "languageDes": "Appsprache ändern",
    "language": "Sprache",
    "removeFromPlaylist": "Aus Wiedergabeliste entfernen",
    "customInsSelectMsg": "Bitte wählen Sie „Benutzerdefinierte Instanz“ aus",
    "allFieldsReqMsg": "Alle Felder benötigt",
    "rename": "Umbenennen",
    "downloads": "Downloads",
    "removeFromLib": "Lied aus der Bibliothek entfernen",
    "downloadingFormat": "Download-Format",
    "selectAuthInsMsg": "Bitte wähle Authentifizierungsinstanz!",
    "customIns": "Benutzerdefinierte Instanz",
    "Piped": "Piped",
    "topmusicvideos": "Top Musikvideos",
    "singles": "Singles",
    "songAlreadyOfflineAlert": "Der Song ist bereits offline im Cache verfügbar",
    "downloadLocation": "Downloadpfad",
    "hintApiUrl": "API-URL zur Piped-Instanz",
    "downloadingFormatDes": "Wählen Sie das Dateiformat für den Download aus. „Opus“ bietet beste Qualität",
    "featuredplaylists": "Vorgestellte Playlists",
    "quickpicks": "Schnellauswahl",
    "sleepTimer": "Schlaf-Timer",
    "minutes": "Minuten",
    "library": "Bibliothek",
    "synced": "Synchronisiert",
    "cancelTimerAlert": "Einschlafautomatik deaktiviert"
}
