{
    "home": "Home",
    "songs": "Songs",
    "playlists": "Playlists",
    "albums": "Albums",
    "singles": "Singles",
    "artists": "Artists",
    "settings": "Settings",
    "library":"Library",
    "libSongs": "Library Songs",
    "libPlaylists": "Library Playlists",
    "libAlbums": "Library Albums",
    "libArtists": "Library Artists",
    "communityplaylists": "Community Playlists",
    "featuredplaylists": "Featured Playlists",
    "items": "items",
    "networkError1": "Oops network error!",
    "retry": "Retry!",
    "noOfflineSong": "No offline songs!",
    "recentlyPlayed": "Recently Played",
    "favorites": "Favorites",
    "cachedOrOffline": "Cached/Offline",
    "downloads": "Downloads",
    "emptyPlaylist": "Empty playlist!",
    "enqueueAll": "Enqueue all",
    "renamePlaylist": "Rename Playlist",
    "removePlaylist": "Remove playlist",
    "CreateNewPlaylist": "Create new playlist",
    "cancel": "Cancel",
    "create": "Create",
    "rename": "Rename",
    "createnAdd": "Create & add",
    "noBookmarks": "No bookmarks!",
    "startRadio": "Start radio",
    "playNext": "Play next",
    "addToPlaylist": "Add to playlist",
    "noLibPlaylist": "You don't have any lib playlist!",
    "enqueueSong": "Enqueue this song",
    "goToAlbum": "Go to album",
    "viewArtist": "View Artist",
    "shareSong": "Share this song",
    "removeFromPlaylist": "Remove from playlist",
    "removeFromQueue": "Remove from queue",
    "removeFromLib": "Remove from Library Songs",
    "sleepTimer" : "Sleep Timer",
    "add5Minutes": "Add 5 minutes",
    "cancelTimer": "Cancel timer",
    "minutes": "minutes",
    "endOfThisSong": "End of this song",
    "themeMode": "Theme Mode",
    "dynamic": "Dynamic",
    "systemDefault": "System default",
    "dark": "Dark",
    "light": "Light",
    "language": "Language",
    "languageDes": "Set App language",
    "setDiscoverContent": "Set discover content",
    "quickpicks": "Quick Picks",
    "discover": "Discover",
    "trending": "Trending",
    "topmusicvideos": "Top Music Videos",
    "basedOnLast": "Based on last interaction",
    "homeContentCount": "Home content count",
    "homeContentCountDes":"Select the number of initial homescreen-content(approx). Lesser results faster loading",
    "enableBottomNav": "Bottom nav bar",
    "enableBottomNavDes":"Switch to bottom navigation bar",
    "cacheSongs": "Cache Songs",
    "cacheSongsDes": "Caching songs while playing for future/offline playback, it will take additional space on your device",
    "skipSilence": "Skip silence",
    "skipSilenceDes": "Silence will be skipped in music playback",
    "streamingQuality": "Streaming quality",
    "streamingQualityDes": "Quality of music stream",
    "high": "High",
    "low": "Low",
    "downloadLocation": "Download Location",
    "downloadingFormat": "Downloading File Format",
    "downloadingFormatDes": "Select downloading file format. \"Opus\" will provide best quality",
    "equalizer": "Equalizer",
    "equalizerDes": "open system equalizer",
    "ignoreBatOpt": "Ignore battery optimization",
    "ignoreBatOptDes": "If you are facing notification issues or playback stopped by system optimization, please enable this option",
    "status": "Status",
    "enabled": "Enabled",
    "disabled": "Disabled",
    "github": "GitHub",
    "githubDes": "View GitHub source code \nif you like this project, don't forget to give a ⭐",
    "by": "by",
    "search": "Search",
    "searchDes": "Songs,Playlist,Album or Artist",
    "searchRes": "Search results",
    "for1": "for",
    "videos": "Videos",
    "viewAll": "View all",
    "results": "Results",
    "nomatch": "No Match found for",
    "subscribers": "subscribers",
    "about": "About",
    "synced": "Synced",
    "plain": "Plain",
    "cancelTimerAlert": "Sleep timer cancelled",
    "sleepTimeSetAlert": "Your sleep timer is set",
    "radioNotAvailable": "Radio not available for this artist!",
    "songRemovedfromQueue": "Removed from queue!",
    "songRemovedfromQueueCurrSong": "You can't remove currently playing song",
    "songAddedToPlaylistAlert": "Song added to playlist!",
    "songAlreadyExists": "Song already exists!",
    "songAlreadyOfflineAlert": "Song already offline in cache",
    "songEnqueueAlert": "Song enqueued!",
    "songRemovedAlert": "Removed from",
    "errorOccuredAlert": "Some error occured!",
    "pipedplstSyncAlert": "Piped playlist synced!",
    "playlistCreatedAlert": "Playlist created!",
    "playlistCreatednsongAddedAlert": "Playlist created & song added!",
    "playlistRenameAlert": "Renamed successfully!",
    "playlistRemovedAlert": "Playlist removed!",
    "playlistBookmarkAddAlert": "Playlist bookmarked!",
    "playlistBookmarkRemoveAlert": "Playlist bookmark removed!",
    "albumBookmarkAddAlert": "Album bookmarked!",
    "albumBookmarkRemoveAlert": "Album bookmark removed!",
    "artistBookmarkAddAlert": "Artist bookmarked!",
    "artistBookmarkRemoveAlert": "Artist bookmark removed!",
    "lyricsNotAvailable": "Lyrics not available!",
    "syncedLyricsNotAvailable": "Synced lyrics not available!",
    "artistDesNotAvailable": "Description not available!",
    "newVersionAvailable": "New version available!",
    "dontShowInfoAgain": "Don't show this info again",
    "dismiss": "Dismiss",
    "notaSongVideo": "Not a Song/Music-Video!",
    "notaValidLink": "Not a valid link!",
    "operationFailed": "Operation failed",
    "goToDownloadPage": "Click here to go to download page",
    "local": "Local",
    "Piped": "Piped",
    "link": "Link",
    "unLink": "Unlink",
    "hintApiUrl": "API URL to Piped instance",
    "customIns": "Custom Instance",
    "customInsSelectMsg": "Please select Custom Instance",
    "selectAuthInsMsg": "Please select Authentication instance!",
    "allFieldsReqMsg": "All fields required",
    "linkPipedDes": "Link with piped for playlists",
    "selectAuthIns": "Select Auth Instance",
    "username": "Username",
    "password": "Password",
    "linkAlert": "Linked successfully!",
    "unlinkAlert": "Unlinked successfully!",
    "playlistBlacklistAlert": "Playlist blacklisted!",
    "reset": "Reset",
    "blacklistPlstResetAlert": "Reset successfully!",
    "resetblacklistedplaylist": "Reset blacklisted playlists",
    "resetblacklistedplaylistDes": "Reset all the piped blacklisted playlists",
    "stopMusicOnTaskClear": "Stop music on task clear",
    "stopMusicOnTaskClearDes": "Music playback will stop when App being swiped away from the task manager"
}
