{
    "renamePlaylist": "Alinomi Ludliston",
    "trending": "Populara",
    "cacheSongsDes": "Kaŝmemorante kantojn dum ludado por estonta/elreta ludado, ĝi prenos plian spacon en via aparato",
    "noLibPlaylist": "Vi ne havas iajn bibliotekajn ludlistojn!",
    "setDiscoverContent": "Agordi malkovran enhavon",
    "networkError1": "Ups, reteraro!",
    "libSongs": "Bibliotekaj Kantoj",
    "communityplaylists": "Komunumaj Ludlistoj",
    "libAlbums": "Bibliotekaj Albumoj",
    "low": "Malalta",
    "languageDes": "Agordi la lingvon de la Aplikaĵo",
    "enqueueAll": "Envicigi ĉiujn",
    "skipSilence": "Preterpasi silenton",
    "create": "Krei",
    "enqueueSong": "Envicigi ĉi tiun kanton",
    "noBookmarks": "Neniuj legosignoj!",
    "playlists": "Ludlistoj",
    "rename": "Alinomi",
    "items": "eroj",
    "startRadio": "Komenci radion",
    "discover": "Malkovri",
    "cacheSongs": "Kaŝmemoraj Kantoj",
    "downloads": "Elŝutaĵoj",
    "removeFromLib": "Forigi el la Bibliotekaj Kantoj",
    "libArtists": "Bibliotekaj Artistoj",
    "downloadingFormat": "Formato de la Elsutaĵo-Dosiero",
    "light": "Hela",
    "dynamic": "Dinamika",
    "removePlaylist": "Forigi ludliston",
    "addToPlaylist": "Aldoni al ludlisto",
    "cachedOrOffline": "Kaŝmemorigita/Elreta",
    "retry": "Reprovu!",
    "artists": "Artistoj",
    "albums": "Albumoj",
    "recentlyPlayed": "Lastatempe Ludita",
    "viewArtist": "Vidi Artiston",
    "createnAdd": "Krei ⳤ aldoni",
    "topmusicvideos": "Plej popularaj Muzikaj Videoj",
    "systemDefault": "Sistema defaŭlta",
    "ignoreBatOpt": "Ignori baterian optimumigon",
    "singles": "Unuopaĵoj",
    "themeMode": "Haŭta Reĝimo",
    "streamingQualityDes": "Kvalito de la muzika fluo",
    "emptyPlaylist": "Malplena ludlisto!",
    "favorites": "Favoratoj",
    "dark": "Malhela",
    "home": "Hejmo",
    "cancel": "Nuligi",
    "streamingQuality": "Flua kvalito",
    "libPlaylists": "Bibliotekaj Ludlistoj",
    "CreateNewPlaylist": "Krei novan ludliston",
    "language": "Lingvo",
    "skipSilenceDes": "Silento estos preterpasita en muzika ludado",
    "playNext": "Ludi sekvan",
    "songs": "Kantoj",
    "high": "Alta",
    "downloadLocation": "Loko de Elŝutaĵo",
    "settings": "Agordoj",
    "basedOnLast": "Surbaze de lasta interago",
    "downloadingFormatDes": "Elekti la formaton de la elŝutaĵo-dosiero. \"Opus\" provizos plej bonan kvaliton",
    "removeFromPlaylist": "Forigi el ludlisto",
    "noOfflineSong": "Neniuj elretaj kantoj!",
    "featuredplaylists": "Elstarigitaj Ludlistoj",
    "quickpicks": "Rapidaj Elektoj",
    "goToAlbum": "Iri al la albumo",
    "removeFromQueue": "Forigi el la vico",
    "shareSong": "Kunhavigi ĉi tiun kanton",
    "library": "Biblioteko",
    "sleepTimer": "Dorma Minutatoro",
    "add5Minutes": "Aldonas 5 minutojn",
    "cancelTimer": "Nuligas minutatoron",
    "minutes": "minutoj",
    "endOfThisSong": "Fino de ĉi tiu kanto",
    "homeContentCount": "Hejme kontenta kalkulo",
    "homeContentCountDes": "Elektas la nombron de komenca homescreen-kontenta(approx). Malpliaj rezultoj pli rapida ŝarĝado",
    "enableBottomNavDes": "Ŝaltilo al malsupra navigada baro",
    "equalizerDes": "malferma sistema egaligilo",
    "equalizer": "Egaligilo"
}
