{
    "playlistCreatednsongAddedAlert": "¡Lista de reproducción creada y la canción fue añadida!",
    "dismiss": "Descartar",
    "goToDownloadPage": "Haz clic aquí para ir a la página de las descargas",
    "songEnqueueAlert": "¡Canción en la cola!",
    "renamePlaylist": "Renombrar la lista de reproducción",
    "songAddedToPlaylistAlert": "¡Canción añadida a la lista!",
    "unlinkAlert": "¡Desvinculado con éxito!",
    "playlistCreatedAlert": "¡Lista de reproducción creada!",
    "reset": "Restablecer",
    "unLink": "Desvincular",
    "trending": "Tendencias",
    "searchRes": "Resultados de la búsqueda",
    "cacheSongsDes": "Almacenamiento de las canciones en la caché durante la reproducción para futuras reproducciones sin conexión, lo que ocupará espacio adicional en el dispositivo",
    "password": "Contraseña",
    "noLibPlaylist": "¡No tienes ninguna lista de reproducción lib!",
    "setDiscoverContent": "Como se detecta el contenido",
    "networkError1": "¡Vaya, un error en la conexión!",
    "songRemovedfromQueue": "¡Eliminado de la cola!",
    "libSongs": "Canciones de la biblioteca",
    "githubDes": "Ver el código fuente en GitHub \nsi te gusta este proyecto, no te olvides de dar una ⭐",
    "communityplaylists": "Listas de reproducción públicas",
    "playlistRemovedAlert": "¡Lista eliminada!",
    "libAlbums": "Álbumes de la biblioteca",
    "albumBookmarkRemoveAlert": "¡Marcador del álbum eliminado!",
    "notaSongVideo": "¡No es una canción/vídeo musical!",
    "ignoreBatOptDes": "Si tienes problemas con las notificaciones o la reproducción se detiene por la optimización del sistema, por favor activa esta opción",
    "for1": "para",
    "low": "Baja",
    "link": "Enlace",
    "selectAuthIns": "Selecciona una Instancia Authance",
    "languageDes": "Idioma de la aplicación",
    "stopMusicOnTaskClear": "Detener la música cuando se limpia la barra de tareas",
    "enqueueAll": "Poner todo en la cola",
    "customInsSelectMsg": "Por favor, selecciona una Instancia personalizada",
    "skipSilence": "Omitir el silencio",
    "create": "Crear",
    "equalizer": "Ecualizador",
    "enqueueSong": "Poner en la cola esta canción",
    "noBookmarks": "¡Sin marcadores!",
    "playlists": "Listas de reproducción",
    "videos": "Vídeos",
    "enabled": "Activado",
    "allFieldsReqMsg": "Todos los campos son obligatorios",
    "artistBookmarkAddAlert": "¡Artista marcado como favorito!",
    "removeFromCache": "Eliminar de la caché",
    "rename": "Cambie el nombre",
    "viewAll": "Ver todo",
    "github": "GitHub",
    "newVersionAvailable": "¡Nueva versión disponible!",
    "items": "elementos",
    "subscribers": "suscriptores",
    "startRadio": "Iniciar la radio",
    "discover": "Descubrir",
    "cacheSongs": "Canciones en caché",
    "songAlreadyExists": "¡La canción ya existe!",
    "libArtists": "Artistas de la biblioteca",
    "username": "Nombre de usuario",
    "light": "Claro",
    "resetblacklistedplaylist": "Restablecer las listas negras",
    "dynamic": "Dinámico",
    "selectAuthInsMsg": "¡Por favor, selecciona la instancia de la autenticación!",
    "equalizerDes": "Abrir el ecualizador del sistema",
    "removePlaylist": "Eliminar la lista de reproducción",
    "customIns": "Instancia personalizada",
    "Piped": "Piped",
    "addToPlaylist": "Añadir a la lista de reproducción",
    "stopMusicOnTaskClearDes": "La reproducción de la música se detendrá cuando se desplace la aplicación fuera de la barra de tareas",
    "cachedOrOffline": "En caché/sin conexión",
    "retry": "¡Volver a intentarlo!",
    "artists": "Artistas",
    "playlistBookmarkAddAlert": "¡Lista de reproducción favorita!",
    "albums": "Álbumes",
    "radioNotAvailable": "¡Radio no disponible para este artista!",
    "recentlyPlayed": "Reproducido recientemente",
    "viewArtist": "Ver el artista",
    "createnAdd": "Crear y añadir",
    "topmusicvideos": "Vídeos musicales más vistos",
    "about": "Acerca de",
    "playlistBookmarkRemoveAlert": "¡Marcador de lista de reproducción eliminado!",
    "systemDefault": "Predeterminado del sistema",
    "local": "Local",
    "ignoreBatOpt": "Ignorar la optimización de la batería",
    "singles": "Sencillos",
    "linkAlert": "¡Vinculado con éxito!",
    "status": "Estado",
    "themeMode": "Modo del tema",
    "streamingQualityDes": "Calidad de la música",
    "nomatch": "No se han encontrado coincidencias para",
    "notaValidLink": "¡No es un enlace válido!",
    "emptyPlaylist": "¡Lista de reproducción vacía!",
    "favorites": "Favoritos",
    "dark": "Oscuro",
    "home": "Inicio",
    "cancel": "Cancelar",
    "by": "por",
    "streamingQuality": "Calidad del streaming",
    "linkPipedDes": "Enlace con las listas de reproducción",
    "libPlaylists": "Listas de reproducción de la biblioteca",
    "disabled": "Desactivado",
    "CreateNewPlaylist": "Crear una nueva lista de reproducción",
    "blacklistPlstResetAlert": "¡Reiniciado con éxito!",
    "language": "Idioma",
    "search": "Buscar",
    "skipSilenceDes": "El silencio se omitirá en la reproducción de la música",
    "playNext": "Siguiente",
    "errorOccuredAlert": "¡Ha ocurrido un error!",
    "songs": "Canciones",
    "high": "Alta",
    "searchDes": "Canciones,Lista de reproducción,Álbum o Artista",
    "results": "Resultados",
    "playlistBlacklistAlert": "¡Lista de reproducción en la lista negra!",
    "artistDesNotAvailable": "¡Descripción no disponible!",
    "songRemovedfromQueueCurrSong": "No puedes eliminar la canción que se está reproduciendo",
    "settings": "Ahustes",
    "basedOnLast": "Según la última interacción",
    "hintApiUrl": "Dirección URL de la API a la instancia de Piped",
    "playlistRenameAlert": "¡Renombrado con éxito!",
    "albumBookmarkAddAlert": "¡Álbum en favoritos!",
    "removeFromPlaylist": "Eliminar de la lista de reproducción",
    "lyricsNotAvailable": "¡Letra no disponible!",
    "dontShowInfoAgain": "No volver a mostrar esta información",
    "noOfflineSong": "¡No hay canciones sin conexión!",
    "featuredplaylists": "Listas de reproducción destacadas",
    "quickpicks": "Selecciones rápidas",
    "artistBookmarkRemoveAlert": "¡Se eliminó el marcador del artista!",
    "operationFailed": "Error en la operación",
    "goToAlbum": "Ir al álbum",
    "removeFromQueue": "Eliminar de la cola",
    "shareSong": "Compartir esta canción",
    "songRemovedAlert": "Eliminado de",
    "resetblacklistedplaylistDes": "Restablecer todas las listas de reproducción en la lista negra",
    "downloads": "Descargas",
    "removeFromLib": "Eliminar las canciones de la biblioteca",
    "downloadingFormat": "Descargar el formato del archivo",
    "songAlreadyOfflineAlert": "Canción sin conexión en la caché",
    "downloadLocation": "Ubicación de la descarga",
    "downloadingFormatDes": "Selecciona el formato del archivo de la descarga. \"Opus\" proporcionará la mejor calidad",
    "add5Minutes": "Añadir 5 minutos",
    "enableBottomNavDes": "Cambiar a la barra de navegación inferior",
    "syncedLyricsNotAvailable": "¡Letra sincronizada no disponible!",
    "synced": "Sincronizado",
    "plain": "Plano",
    "endOfThisSong": "Fin de esta canción",
    "library": "Biblioteca",
    "cancelTimer": "Cancelar temporizador",
    "minutes": "minutos",
    "enableBottomNav": "Barra de navegación inferior",
    "homeContentCount": "Recuento de contenidos",
    "sleepTimeSetAlert": "El temporizador de apagado está activado",
    "homeContentCountDes": "Seleccione el número de contenidos iniciales de la pantalla de inicio (aprox.). Menos resultados carga más rápida",
    "cancelTimerAlert": "Temporizador de reposo cancelado",
    "sleepTimer": "Temporizador"
}
