{
    "libPlaylists": "Listes de lecture de bibliothèque",
    "networkError1": "Oups erreur réseau !",
    "noOfflineSong": "Pas de chansons hors ligne !",
    "favorites": "Favoris",
    "cachedOrOffline": "En cache/Hors ligne",
    "emptyPlaylist": "Liste de lecture vide !",
    "enqueueAll": "Mettre tout dans la file",
    "renamePlaylist": "Renommer la liste de lecture",
    "removePlaylist": "Retirer la liste de lecture",
    "CreateNewPlaylist": "Créer une nouvelle liste de lecture",
    "cancel": "Annuler",
    "create": "Créer",
    "createnAdd": "Créer et ajouter",
    "noBookmarks": "Pas de signets !",
    "startRadio": "Démarrer la radio",
    "playNext": "Jouer ensuite",
    "removeFromQueue": "Retirer de la file",
    "removeFromCache": "Retirer du cache",
    "themeMode": "Mode du thème",
    "dynamic": "Dynamique",
    "systemDefault": "Système par défaut",
    "dark": "sombre",
    "light": "clair",
    "setDiscoverContent": "Définir le contenu",
    "quickPics": "Sélection rapide",
    "discover": "Découvrir",
    "trending": "Tendances",
    "topMusicVid": "Palmarès des vidéoclips",
    "basedOnLast": "Basée sur la dernière interaction",
    "cacheSongsDes": "Mettre les chansons en cache tout en jouant pour la lecture future/hors ligne, il faudra un espace supplémentaire sur votre appareil",
    "skipSilence": "Ignorer le silence",
    "low": "Basse",
    "equalizer": "Égaliseur",
    "ignoreBatOptDes": "Si vous êtes confronté·e à des problèmes de notification ou de lecture arrêtée par l'optimisation du système, veuillez activer cette option",
    "status": "État",
    "enabled": "Activé",
    "disabled": "Désactivé",
    "githubDes": "Voir le code source GitHub\nSi vous aimez ce projet, n'oubliez pas de donner une ⭐",
    "search": "Recherche",
    "searchRes": "Résultats de la recherche",
    "videos": "Vidéos",
    "viewAll": "Voir tous",
    "results": "Résultats",
    "nomatch": "Aucune correspondance trouvée pour",
    "subscribers": "abonnés",
    "radioNotAvailable": "Radio non disponible pour cet artiste !",
    "songRemovedfromQueue": "Enlevé de la file !",
    "songRemovedfromQueueCurrSong": "Vous ne pouvez pas supprimer jouer actuellement chanson",
    "songAddedToPlaylistAlert": "Chanson ajoutée à la playlist !",
    "songAlreadyExists": "La chanson existe déjà !",
    "songEnqueueAlert": "Chanson en file d'attente !",
    "songRemovedAlert": "Supprimé de",
    "playlistCreatednsongAddedAlert": "Liste de lecture créée et chanson ajoutée !",
    "playlistRenameAlert": "Renommé avec succès !",
    "playlistBookmarkRemoveAlert": "Signet de la liste de lecture retiré !",
    "albumBookmarkAddAlert": "Album en signet !",
    "albumBookmarkRemoveAlert": "Signet de l'album retiré !",
    "artistBookmarkAddAlert": "Artiste en signet !",
    "artistBookmarkRemoveAlert": "Signet d'artiste enlevé !",
    "dismiss": "Rejeter",
    "operationFailed": "Opération échouée",
    "libSongs": "Chansons de la bibliothèque",
    "home": "Accueil",
    "songs": "Chansons",
    "playlists": "Listes de lecture",
    "albums": "Albums",
    "artists": "Artistes",
    "settings": "Réglages",
    "libAlbums": "Albums de la bibliothèque",
    "retry": "Réessayez !",
    "libArtists": "Artistes de la bibliothèque",
    "items": "éléments",
    "recentlyPlayed": "Joué récemment",
    "addToPlaylist": "Ajouter à la liste de lecture",
    "noLibPlaylist": "Tu n'as pas de lib playlist !",
    "enqueueSong": "Enqueue cette chanson",
    "goToAlbum": "Aller à l'album",
    "viewArtist": "Voir l'artiste",
    "shareSong": "Partager cette chanson",
    "cacheSongs": "Chansons en cache",
    "skipSilenceDes": "Le silence sera ignoré dans la lecture de musique",
    "streamingQuality": "Qualité de diffusion",
    "streamingQualityDes": "Qualité du flux de musique",
    "high": "Élevée",
    "equalizerDes": "ouvrir l'égaliseur du système",
    "ignoreBatOpt": "Ignorer l'optimisation de la batterie",
    "github": "GitHub",
    "by": "par",
    "searchDes": "Chansons,Listes de lecture,Album ou Artiste",
    "for1": "pour",
    "about": "À propos",
    "errorOccuredAlert": "Une erreur s'est produite !",
    "playlistCreatedAlert": "Liste de lecture créée !",
    "playlistRemovedAlert": "Liste de lecture retirée !",
    "playlistBookmarkAddAlert": "Liste de lecture en signet !",
    "lyricsNotAvailable": "Paroles indisponible !",
    "artistDesNotAvailable": "Description indisponible !",
    "newVersionAvailable": "Nouvelle version disponible !",
    "dontShowInfoAgain": "Ne plus afficher cette info",
    "notaSongVideo": "Pas un Song/Music-Video !",
    "notaValidLink": "Pas un lien valable !",
    "local": "Local",
    "link": "Lien",
    "unlinkAlert": "Dissociation réussie !",
    "playlistBlacklistAlert": "Playlist sur liste noire !",
    "reset": "Réinitialiser",
    "blacklistPlstResetAlert": "Réinitialiser avec succès !",
    "resetblacklistedplaylistDes": "Réinitialiser toutes les listes de lecture de la liste noire de Piped",
    "goToDownloadPage": "Cliquez ici pour accéder à la page de téléchargement",
    "unLink": "séparer",
    "linkPipedDes": "Lien avec piped pour les playlists",
    "selectAuthIns": "Sélectionnez Auth Instance",
    "username": "Nom d'utilisateur",
    "password": "Mot de passe",
    "linkAlert": "Liée avec succès !",
    "resetblacklistedplaylist": "Réinitialiser les platlistes sur liste noire",
    "stopMusicOnTaskClearDes": "La lecture de musique s'arrêtera quand App sera écarté du gestionnaire de tâches",
    "stopMusicOnTaskClear": "arrêter la musique",
    "communityplaylists": "Playlist de la communauté",
    "languageDes": "définir la langue de l'application",
    "customInsSelectMsg": "Veuillez sélectionner Custom Instance",
    "allFieldsReqMsg": "Tous les champs sont obligatoires",
    "rename": "Renommer",
    "selectAuthInsMsg": "Veuillez sélectionner l'instance Authentication !",
    "customIns": "Instance personnalisée",
    "Piped": "Piped",
    "topmusicvideos": "Top Vidéos de musique",
    "singles": "Singles",
    "language": "Langue",
    "hintApiUrl": "URL de l'API de l'instance",
    "removeFromPlaylist": "Retirer de la playlist",
    "featuredplaylists": "Playlist mise en avant",
    "quickpicks": "Sélections rapides",
    "downloads": "Téléchargements",
    "removeFromLib": "Odebrat z knihovny skladeb",
    "downloadingFormat": "Télécharger le format de fichier",
    "songAlreadyOfflineAlert": "Chanson déjà hors ligne dans le cache",
    "downloadLocation": "Emplacement du téléchargement",
    "downloadingFormatDes": "Sélectionnez le format de fichier de téléchargement. \"Opus\" offrira la meilleure qualité",
    "library": "Bibliothèque",
    "sleepTimer": "Minuterie de veille",
    "synced": "Synchronisé",
    "cancelTimerAlert": "Minuteur de veille annulé",
    "minutes": "minutes"
}
