{
    "themeMode": "थीम मोड",
    "playlists": "प्लेलिस्ट",
    "albums": "एल्बम",
    "libSongs": "लाइब्रेरी गाने",
    "libAlbums": "लाइब्रेरी एल्बम",
    "items": "आइटम",
    "cachedOrOffline": "ऑफलाइन",
    "renamePlaylist": "प्लेलिस्ट का नाम बदलें",
    "create": "बनाएं",
    "createnAdd": "बनाएँ और जोड़ें",
    "dynamic": "डाइनैमिक",
    "systemDefault": "सिस्टम डिफ़ॉल्ट",
    "dark": "डार्क",
    "home": "होम",
    "songs": "गाने",
    "artists": "कलाकार",
    "settings": "सेटिंग्स",
    "light": "लाइट",
    "retry": "पुन: प्रयास करें!",
    "libArtists": "लाइब्रेरी कलाकार",
    "noOfflineSong": "कोई ऑफ़लाइन गीत नहीं!",
    "networkError1": "उफ़ नेटवर्क त्रुटि!",
    "favorites": "पसंदीदा",
    "recentlyPlayed": "हाल ही में बजाया",
    "emptyPlaylist": "खाली प्लेलिस्ट!",
    "enqueueAll": "सभी कतारबद्ध करें",
    "removePlaylist": "प्लेलिस्ट हटाएँ",
    "noBookmarks": "कोई बुकमार्क नहीं!",
    "CreateNewPlaylist": "नई प्लेलिस्ट बनाएँ",
    "cancel": "रद्द करें",
    "playNext": "अगला चलाएँ",
    "startRadio": "स्टार्ट रेडियो",
    "noLibPlaylist": "आपके पास कोई लाइब्रेरी प्लेलिस्ट नहीं है!",
    "enqueueSong": "कतार में शामिल करें",
    "goToAlbum": "एल्बम पर जाएं",
    "shareSong": "इस गाने को साझा करें",
    "viewArtist": "कलाकार देखें",
    "removeFromQueue": "कतार से निकालें",
    "removeFromCache": "कैश से निकालें",
    "addToPlaylist": "प्लेलिस्ट में जोड़ें",
    "libPlaylists": "लाइब्रेरी प्लेलिस्ट",
    "cacheSongsDes": "भविष्य / ऑफ़लाइन प्लेबैक के लिए बजाते समय गाने को कैश करें, यह आपके डिवाइस पर अतिरिक्त स्थान लेगा",
    "skipSilence": "स्किप साइलेंस",
    "skipSilenceDes": "साइलेंस को संगीत प्लेबैक से हटा दिया जाएगा",
    "streamingQuality": "स्ट्रीमिंग गुणवत्ता",
    "streamingQualityDes": "संगीत स्ट्रीम की गुणवत्ता",
    "high": "उच्च",
    "equalizer": "इक्वलाइज़र",
    "low": "कम",
    "equalizerDes": "सिस्टम इक्वलाइज़र को खोले",
    "githubDes": "GitHub स्रोत कोड देखें\nयदि आप इस प्रोजेक्ट को पसंद करते हैं, तो एक ⭐देने के लिए मत भूलना",
    "by": "द्वारा",
    "viewAll": "सभी देखें",
    "enabled": "सक्रिय",
    "status": "स्थिति",
    "ignoreBatOptDes": "यदि आप नोटिफिकेशन संगीत कण्ट्रोल से सम्बंधित कोई दिक्क्तों का सामना कर रहे है या आपका संगीत प्लेबैक को सिस्टम ऑप्टिमाइजेशन के द्वारा रोक दिया जा रहा तो आप इस ऑप्शन को चालू करे",
    "ignoreBatOpt": "बैटरी ऑप्टिमाइजेशन को इग्नोर करे",
    "disabled": "निष्क्रिय",
    "github": "GitHub",
    "searchRes": "खोज परिणाम",
    "for1": "के लिए",
    "topMusicVid": "शीर्ष संगीत वीडियो",
    "cacheSongs": "कैश गाने",
    "operationFailed": "ऑपरेशन विफल",
    "searchDes": "गाने,प्लेलिस्ट्स ,एलबम्स और कलाकार",
    "results": "परिणाम",
    "search": "खोजें",
    "videos": "वीडियोस",
    "about": "बारे में",
    "radioNotAvailable": "रेडियो इस कलाकार के लिए उपलब्ध नहीं है!",
    "playlistRemovedAlert": "प्लेलिस्ट हट गया!",
    "playlistCreatedAlert": "प्लेलिस्ट बनाया!",
    "playlistBookmarkAddAlert": "प्लेलिस्ट बुकमार्क हो गया!",
    "artistBookmarkAddAlert": "कलाकार बुकमार्क हो गया!",
    "setDiscoverContent": "डिस्कवर कंटेंट सेट करें",
    "quickPics": "गानों का सुझाव",
    "discover": "डिस्कवर",
    "trending": "रुझान में चल रहे गाने",
    "basedOnLast": "अंतिम गतिविधि के आधार पर",
    "subscribers": "सब्सक्राइबर्स",
    "songRemovedfromQueue": "कतार से हटा दिया!",
    "songRemovedfromQueueCurrSong": "आप वर्तमान में चल रहे गाने को नहीं हटा सकते",
    "songAddedToPlaylistAlert": "गीत प्लेलिस्ट में जुड़ गया!",
    "songAlreadyExists": "गीत पहले से ही मौजूद है!",
    "songEnqueueAlert": "गाना कतार में जुड़ा !",
    "songRemovedAlert": "से हटाया",
    "errorOccuredAlert": "कुछ त्रुटि हुई!",
    "playlistCreatednsongAddedAlert": "प्लेलिस्ट बनाया और गीत जोड़ा!",
    "playlistRenameAlert": "सफलतापूर्वक बदला गया!",
    "playlistBookmarkRemoveAlert": "प्लेलिस्ट बुकमार्क हट गया!",
    "albumBookmarkAddAlert": "एल्बम बुकमार्क हो गया!",
    "albumBookmarkRemoveAlert": "एल्बम बुकमार्क हट गया!",
    "artistBookmarkRemoveAlert": "कलाकार बुकमार्क हट गया!",
    "lyricsNotAvailable": "Lyrics उपलब्ध नहीं!",
    "artistDesNotAvailable": "विवरण उपलब्ध नहीं!",
    "newVersionAvailable": "नया संस्करण उपलब्ध!",
    "dontShowInfoAgain": "इस जानकारी को फिर से न दिखाएं",
    "dismiss": "बंद करें",
    "notaValidLink": "एक वैध लिंक नहीं!",
    "notaSongVideo": "एक गीत / संगीत वीडियो नहीं!",
    "nomatch": "कोई मैच नहीं मिला",
    "reset": "रिसेट",
    "blacklistPlstResetAlert": "सफलतापूर्वक रिसेट हुआ!",
    "goToDownloadPage": "डाउनलोड पेज पर जाने के लिए यहाँ दबाएं",
    "local": "लोकल",
    "link": "जोड़ें",
    "unLink": "हटाएँ",
    "linkPipedDes": "पाइप्ड के साथ प्लेलिस्ट्स के लिए जोड़ें",
    "username": "यूज़रनेम",
    "password": "पासवर्ड",
    "selectAuthIns": "Auth इंस्टैंस चुने",
    "linkAlert": "सफलतापूर्वक जुड़ गया!",
    "unlinkAlert": "सफलतापूर्वक हट गया!",
    "playlistBlacklistAlert": "प्लेलिस्ट ब्लैकलिस्ट हो गया!",
    "resetblacklistedplaylist": "ब्लैकलिस्टेड प्लेलिस्ट रिसेट",
    "resetblacklistedplaylistDes": "सभी पाइप्ड ब्लैकलिस्टेड प्लेलिस्ट्स को रिसेट करें",
    "stopMusicOnTaskClear": "म्यूजिक बंद करें",
    "stopMusicOnTaskClearDes": "इस ऐप को टास्क मैनेजर से स्वाइप करने पर म्यूजिक बंद हो जायेगा",
    "communityplaylists": "कम्यूनिटी प्लेलिस्ट",
    "languageDes": "अनुप्रयोग भाषा सेट करें",
    "customInsSelectMsg": "कृपया कस्टम इंस्टेंस का चयन करें",
    "allFieldsReqMsg": "सभी फील्ड भरें",
    "rename": "नाम बदलें",
    "selectAuthInsMsg": "कृपया ऑथेंटिकेशन इंस्टैंस चुने !",
    "customIns": "कस्टम इंस्टेंस",
    "Piped": "पाइप्ड",
    "topmusicvideos": "शीर्ष संगीत वीडियो",
    "singles": "सिंगल्स",
    "language": "भाषा",
    "hintApiUrl": "पाइप्ड इंस्टैंस एपीआई यूआरएल",
    "removeFromPlaylist": "प्लेलिस्ट से निकालें",
    "featuredplaylists": "फीचर्ड प्लेलिस्ट",
    "quickpicks": "गानों का सुझाव",
    "downloads": "डाउनलोड्स",
    "removeFromLib": "लाइब्रेरी गाने से हटाएँ",
    "downloadingFormat": "डाउनलोडिंग फ़ाइल फ़ारमैट",
    "songAlreadyOfflineAlert": "गाना पहले से ही कैश में ऑफ़लाइन है",
    "downloadLocation": "डाउनलोड का स्थान",
    "downloadingFormatDes": "डाउनलोडिंग फाइल फॉर्मेट चुने, \"Opus\" सर्वोत्तम गुणवत्ता प्रदान करेगा",
    "library": "लाइब्रेरी",
    "add5Minutes": "5 मिनट जोड़े",
    "minutes": "मिनट्स",
    "endOfThisSong": "इस गाने के अंत में",
    "enableBottomNav": "बॉटम नेविगेशन बार",
    "enableBottomNavDes": "बॉटम नेविगेशन बार पर स्विच करें",
    "plain": "प्लेन",
    "syncedLyricsNotAvailable": "समन्वयित गीत उपलब्ध नहीं!",
    "cancelTimer": "टाइमर रद्द करें",
    "sleepTimer": "स्लीप टाइमर",
    "homeContentCount": "होम कंटेंट की संख्या",
    "homeContentCountDes": "आरंभिक होमस्क्रीन-कंटेंट की संख्या (लगभग) चुनें। कम परिणाम तेजी से लोड होगा",
    "synced": "सिंकड",
    "cancelTimerAlert": "स्लीप टाइमर रद्द कर दिया गया",
    "sleepTimeSetAlert": "आपका स्लीप टाइमर सेट हो गया है"
}
