{
    "playlistCreatednsongAddedAlert": "Daftar Putar dibuat & lagu ditambahkan!",
    "dismiss": "Biarkan",
    "goToDownloadPage": "Klik di sini untuk pergi ke halaman unduh",
    "songEnqueueAlert": "Lagu masuk dalam antrean!",
    "renamePlaylist": "Ganti Nama Daftar Putar",
    "songAddedToPlaylistAlert": "Lagu ditambahkan ke daftar putar!",
    "unlinkAlert": "Tautan berhasil dibatalkan!",
    "playlistCreatedAlert": "Daftar Putar dibuat!",
    "reset": "Setel ulang",
    "unLink": "Putuskan tautan",
    "trending": "Sedang tren",
    "searchRes": "Hasil pencarian",
    "cacheSongsDes": "Menyimpan lagu dalam cache saat diputar untuk pemutaran di masa mendatang/offline, akan memerlukan ruang tambahan di perangkat Anda",
    "password": "Sandi",
    "noLibPlaylist": "Anda tidak memiliki daftar putar lib apa pun!",
    "setDiscoverContent": "Atur temukan konten",
    "networkError1": "Ups kesalahan jaringan!",
    "songRemovedfromQueue": "Dihapus dari antrean!",
    "libSongs": "Pustaka Lagu",
    "githubDes": "Lihat kode sumber GitHub \njika anda suka proyek ini, jangan lupa berikan⭐",
    "communityplaylists": "Daftar Putar Komunitas",
    "playlistRemovedAlert": "Daftar Putar di hapus!",
    "libAlbums": "Pustaka Album",
    "albumBookmarkRemoveAlert": "Penanda album dihapus!",
    "notaSongVideo": "Bukan Lagu/Video Musik!",
    "ignoreBatOptDes": "Jika Anda menghadapi masalah notifikasi atau pemutaran dihentikan karena pengoptimalan sistem, aktifkan opsi ini",
    "for1": "Untuk",
    "low": "Rendah",
    "link": "Tautan",
    "selectAuthIns": "Pilih Instans Auth",
    "languageDes": "Setel bahasa Aplikasi",
    "stopMusicOnTaskClear": "Hentikan musik saat tugas selesai",
    "enqueueAll": "Semua Entri",
    "customInsSelectMsg": "Silakan pilih Instans Khusus",
    "skipSilence": "Lewati Keheningan",
    "create": "Buat",
    "equalizer": "Ekualizer",
    "enqueueSong": "Tambahkan lagu ini ke antrian",
    "noBookmarks": "Tidak ada bookmark!",
    "playlists": "Daftar Putar",
    "videos": "Video",
    "enabled": "Diaktifkan",
    "allFieldsReqMsg": "Semua bidang wajib diisi",
    "artistBookmarkAddAlert": "Artis ditandai!",
    "rename": "Ganti Nama",
    "viewAll": "Lihat semua",
    "github": "Github",
    "newVersionAvailable": "Versi baru tersedia!",
    "items": "Item",
    "subscribers": "pelanggan",
    "startRadio": "Mulai radio",
    "discover": "Temukan",
    "cacheSongs": "Cache lagu",
    "downloads": "Download",
    "removeFromLib": "Hapus dari pustaka lagu",
    "songAlreadyExists": "Lagu sudah ada!",
    "libArtists": "Pustaka Artis",
    "downloadingFormat": "Mengunduh Format File",
    "username": "Nama pengguna",
    "light": "Terang",
    "resetblacklistedplaylist": "Setel ulang daftar putar yang masuk daftar hitam",
    "dynamic": "Dinamis",
    "selectAuthInsMsg": "Silakan pilih Contoh autentikasi!",
    "equalizerDes": "Buka ekualizer sistem",
    "removePlaylist": "Hapus Daftar Putar",
    "customIns": "Mesin Virtual Khusus",
    "Piped": "Disalurkan",
    "addToPlaylist": "Tambah ke daftar putar",
    "stopMusicOnTaskClearDes": "Pemutaran musik akan berhenti ketika Aplikasi dihapus dari pengelola tugas",
    "cachedOrOffline": "Di-cache/Offline",
    "retry": "Coba Lagi!",
    "artists": "Artis",
    "playlistBookmarkAddAlert": "Daftar putar ditandai!",
    "albums": "Album",
    "radioNotAvailable": "Radio tidak tersedia untuk artis ini!",
    "recentlyPlayed": "Baru dimainkan",
    "viewArtist": "Lihat Artis",
    "createnAdd": "Buat & Tambah",
    "topmusicvideos": "Video Musik Teratas",
    "about": "Tentang",
    "playlistBookmarkRemoveAlert": "Bookmark daftar putar dihapus!",
    "systemDefault": "Bawaan sistem",
    "local": "Lokal",
    "ignoreBatOpt": "Abaikan pengoptimalan baterai",
    "singles": "Singel",
    "linkAlert": "Berhasil ditautkan!",
    "status": "Status",
    "themeMode": "Modus Tema",
    "streamingQualityDes": "Kualitas streaming musik",
    "nomatch": "Tidak ditemukan kecocokan untuk",
    "notaValidLink": "Bukan tautan yang valid!",
    "emptyPlaylist": "Daftar Putar Kosong!",
    "favorites": "Favorit",
    "dark": "Gelap",
    "home": "Beranda",
    "cancel": "Batal",
    "by": "Oleh",
    "streamingQuality": "Kualitas streaming",
    "linkPipedDes": "Tautan dengan saluran untuk daftar putar",
    "libPlaylists": "Pustaka Daftar Putar",
    "disabled": "Dimatikan",
    "CreateNewPlaylist": "Buat Daftar Putar Baru",
    "blacklistPlstResetAlert": "Setel ulang berhasil!",
    "language": "Bahasa",
    "search": "Cari",
    "songAlreadyOfflineAlert": "Lagu sudah offline di cache",
    "skipSilenceDes": "Keheningan akan dilewati dalam pemutaran musik",
    "playNext": "Mainkan berikutnya",
    "errorOccuredAlert": "Terjadi kesalahan!",
    "songs": "Lagu",
    "high": "Tinggi",
    "searchDes": "Lagu, Daftar Putar, Album atau Artis",
    "results": "Hasil",
    "playlistBlacklistAlert": "Daftar putar masuk daftar hitam!",
    "artistDesNotAvailable": "Deskripsi tidak tersedia!",
    "resetblacklistedplaylistDes": "Setel ulang semua daftar putar yang masuk daftar hitam",
    "downloadLocation": "Lokasi download",
    "songRemovedfromQueueCurrSong": "Anda tidak dapat menghapus lagu yang sedang diputar",
    "settings": "Pengaturan",
    "basedOnLast": "Berdasarkan interaksi terakhir",
    "hintApiUrl": "URL API ke instance yang disalurkan",
    "playlistRenameAlert": "Berhasil mengganti nama!",
    "downloadingFormatDes": "Pilih format file pengunduhan. \"Opus\" akan memberikan kualitas terbaik",
    "albumBookmarkAddAlert": "Album ditandai!",
    "removeFromPlaylist": "Hapus dari daftar putar",
    "lyricsNotAvailable": "Lirik tidak tersedia!",
    "dontShowInfoAgain": "Jangan tampilkan info ini lagi",
    "noOfflineSong": "Tidak ada lagu offline!",
    "featuredplaylists": "Daftar Putar unggulan",
    "quickpicks": "Pilihan Cepat",
    "artistBookmarkRemoveAlert": "Bookmark artis dihapus!",
    "operationFailed": "Operasi gagal",
    "goToAlbum": "Ke album",
    "removeFromQueue": "Hapus dari antrian",
    "shareSong": "Bagikan lagu ini",
    "songRemovedAlert": "Dihapus dari",
    "library": "Perpustakaan",
    "sleepTimer": "Pengatur Waktu Tidur",
    "minutes": "menit"
}
