{
    "playlistCreatednsongAddedAlert": "再生リストを作成し曲を追加しました！",
    "dismiss": "非表示",
    "goToDownloadPage": "ここをクリックし入手用ページを開く",
    "songEnqueueAlert": "曲をキューに追加しました！",
    "renamePlaylist": "再生リストの改名",
    "songAddedToPlaylistAlert": "曲を再生リストに追加しました！",
    "unlinkAlert": "ログアウトしました！",
    "playlistCreatedAlert": "再生リストを作成しました！",
    "reset": "初期化",
    "unLink": "ログアウト",
    "trending": "急上昇",
    "searchRes": "検索結果",
    "cacheSongsDes": "再生中の楽曲を、事前読み込み/オフライン再生用にキャッシュすると、端末の空き領域が減ります",
    "password": "パスワード",
    "noLibPlaylist": "再生リストがありませんよ！",
    "setDiscoverContent": "探索するコンテンツを設定",
    "networkError1": "ネットワークエラー！",
    "songRemovedfromQueue": "キューから削除しました！",
    "libSongs": "曲のライブラリ",
    "githubDes": "GitHub でソースコードを閲覧\nこのアプリが好きなら⭐をくださいね！",
    "communityplaylists": "コミュニティの再生リスト",
    "playlistRemovedAlert": "再生リストを削除しました！",
    "libAlbums": "アルバムのライブラリ",
    "albumBookmarkRemoveAlert": "アルバムのブックマークを解除しました！",
    "notaSongVideo": "曲/音楽の動画ではありません！",
    "ignoreBatOptDes": "通知やシステムの最適化により再生が止まる場合に有効化します",
    "for1": "語句",
    "low": "低",
    "link": "ログイン",
    "selectAuthIns": "認証用インスタンスを選択",
    "languageDes": "アプリの言語を設定",
    "stopMusicOnTaskClear": "タスクから削除で音楽停止",
    "enqueueAll": "すべてキューに登録",
    "customInsSelectMsg": "インスタンスを入力してください",
    "skipSilence": "無音部分を飛ばす",
    "create": "キャンセル",
    "equalizer": "イコライザー",
    "enqueueSong": "この曲をキューに追加",
    "noBookmarks": "ブックマークなし！",
    "playlists": "再生リスト",
    "videos": "動画",
    "enabled": "有効",
    "allFieldsReqMsg": "入力欄を埋めてください",
    "artistBookmarkAddAlert": "アーティストをブックマークしました！",
    "rename": "改名",
    "viewAll": "すべて表示",
    "github": "GitHub",
    "newVersionAvailable": "最新版があります！",
    "items": "項目",
    "subscribers": "人の登録者",
    "startRadio": "ラジオで開始",
    "discover": "検索",
    "cacheSongs": "曲のキャッシュ",
    "downloads": "ダウンロード",
    "removeFromLib": "曲のライブラリから削除",
    "songAlreadyExists": "この曲は既に存在します！",
    "libArtists": "アーティストのライブラリ",
    "downloadingFormat": "ダウンロードするファイル形式",
    "username": "ユーザー名",
    "light": "ライト",
    "resetblacklistedplaylist": "ブラックリストの再生リストを初期化",
    "dynamic": "動的",
    "selectAuthInsMsg": "認証用インスタンスを選択してください！",
    "equalizerDes": "システムのイコライザーを開く",
    "removePlaylist": "再生リストを削除",
    "customIns": "インスタンスを指定",
    "Piped": "Piped",
    "addToPlaylist": "再生リストに追加",
    "stopMusicOnTaskClearDes": "タスクマネージャーからスワイプでアプリを削除すると音楽再生を停止",
    "cachedOrOffline": "キャッシュ済み/オフライン",
    "retry": "再試行！",
    "artists": "アーティスト",
    "playlistBookmarkAddAlert": "再生リストをブックマークしました！",
    "albums": "アルバム",
    "radioNotAvailable": "このアーティストにラジオはありません！",
    "recentlyPlayed": "再生履歴",
    "viewArtist": "アーティストを開く",
    "createnAdd": "作成し追加",
    "topmusicvideos": "人気のミュージックビデオ",
    "about": "説明",
    "playlistBookmarkRemoveAlert": "再生リストのブックマークを解除しました！",
    "systemDefault": "システムに従う",
    "local": "端末内",
    "ignoreBatOpt": "充電の最適化を無視",
    "singles": "シングル",
    "linkAlert": "ログインしました！",
    "status": "状態",
    "themeMode": "テーマのモード",
    "streamingQualityDes": "音楽ストリームの音質",
    "nomatch": "検索結果なし",
    "notaValidLink": "リンクが正しくありません！",
    "emptyPlaylist": "再生リストが空です！",
    "favorites": "お気に入り",
    "dark": "ダーク",
    "home": "ホーム",
    "cancel": "再生リストの作成",
    "by": "開発者",
    "streamingQuality": "ストリーミング品質",
    "linkPipedDes": "再生リストをPipedで同期",
    "libPlaylists": "再生リストのライブラリ",
    "disabled": "無効",
    "CreateNewPlaylist": "再生リストを作成",
    "blacklistPlstResetAlert": "初期化しました！",
    "language": "言語",
    "search": "検索",
    "songAlreadyOfflineAlert": "この曲は既にキャッシュ済みです",
    "skipSilenceDes": "音楽再生中に無音部分を飛ばします",
    "playNext": "次に再生",
    "errorOccuredAlert": "何かエラーが発生しました！",
    "songs": "曲",
    "high": "高",
    "searchDes": "曲、再生リスト、アルバム、アーティスト",
    "results": "結果",
    "playlistBlacklistAlert": "再生リストをブラックリストに登録しました！",
    "artistDesNotAvailable": "説明が利用できません！",
    "resetblacklistedplaylistDes": "ブラックリストにしたPipedの再生リストをすべて初期化",
    "downloadLocation": "ダウンロード先",
    "songRemovedfromQueueCurrSong": "再生中の曲は削除できません",
    "settings": "設定",
    "basedOnLast": "最後の操作から決定",
    "hintApiUrl": "PipedインスタンスのAPIのURL",
    "playlistRenameAlert": "改名しました！",
    "downloadingFormatDes": "ダウンロードしたいファイル形式。Opus が最高の品質でしょう",
    "albumBookmarkAddAlert": "アルバムをブックマークしました！",
    "removeFromPlaylist": "再生リストから削除",
    "lyricsNotAvailable": "歌詞が利用できません！",
    "dontShowInfoAgain": "再び表示しない",
    "noOfflineSong": "オフラインの曲なし！",
    "featuredplaylists": "おすすめの再生リスト",
    "quickpicks": "おすすめ",
    "artistBookmarkRemoveAlert": "アーティストのブックマークを解除しました！",
    "operationFailed": "操作に失敗",
    "goToAlbum": "アルバムを開く",
    "removeFromQueue": "キューから削除",
    "shareSong": "この曲を共有",
    "songRemovedAlert": "以下から削除しました",
    "add5Minutes": "5分追加",
    "enableBottomNavDes": "ナビゲーションバーを下部に切り替える",
    "syncedLyricsNotAvailable": "同期可能な歌詞はありません！",
    "synced": "同期",
    "plain": "通常",
    "endOfThisSong": "この曲の終わり",
    "library": "ライブラリ",
    "cancelTimer": "タイマーをキャンセル",
    "minutes": "分",
    "enableBottomNav": "下部のなびばー",
    "homeContentCount": "ホームのコンテンツ数",
    "sleepTimeSetAlert": "スリープタイマーをセットしました",
    "homeContentCountDes": "最初のホーム画面のコンテンツ数 (およそ) を選択します。少ないほど読み込みが速いです",
    "cancelTimerAlert": "スリープタイマーをキャンセルしました",
    "sleepTimer": "スリープタイマー"
}
