{
    "home": "Hjem",
    "low": "Lav",
    "high": "Høy",
    "equalizerDes": "åpne system-tonekontroll",
    "newVersionAvailable": "Ny versjon tilgjengelig.",
    "addToPlaylist": "Legg til i spilleliste",
    "viewAll": "Vis alle",
    "subscribers": "abonnenter",
    "enqueueAll": "Legg alt i kø",
    "renamePlaylist": "Gi spillelisten nytt navn",
    "about": "Om",
    "themeMode": "Draktmodus",
    "notaValidLink": "Ugyldig lenke",
    "shareSong": "Del dette sporet",
    "removeFromQueue": "Fjern fra kø",
    "light": "lys",
    "removePlaylist": "Fjern spilleliste",
    "create": "Opprett",
    "skipSilence": "Hopp over stillhet",
    "status": "Status",
    "streamingQualityDes": "Musikkstrømskvalitet",
    "cacheSongsDes": "Under avspilling tar dette ekstra plass på enheten",
    "streamingQuality": "Strømmingskvalitet",
    "ignoreBatOpt": "Ingorer batterioptimalisering",
    "enabled": "På",
    "disabled": "Av",
    "songAlreadyExists": "Sporet finnes allerede",
    "playlistCreatedAlert": "Spilleliste opprettet",
    "playlistRenameAlert": "Navn endret",
    "viewArtist": "Vis artist",
    "dynamic": "Dynamisk",
    "systemDefault": "Systemforvalg",
    "dark": "mørk",
    "createnAdd": "Opprett og legg til",
    "noBookmarks": "Ingen bokmerker",
    "startRadio": "Start radio",
    "playNext": "Spill neste",
    "enqueueSong": "Legg dette sporet i kø",
    "goToAlbum": "Gå til album",
    "removeFromCache": "Fjern fra hurtiglager",
    "basedOnLast": "Basert på siste interaksjon",
    "cacheSongs": "Hurtiglagre spor",
    "noLibPlaylist": "Du har ikke noen biblioteksspilleliste",
    "setDiscoverContent": "Sett oppdagbart innhold",
    "quickPics": "Hurtigbilder",
    "discover": "Oppdagbart",
    "trending": "På vei opp",
    "topMusicVid": "Topp-musikkvideoer",
    "equalizer": "Tonekontroll",
    "github": "GitHub",
    "searchRes": "Søkeresultater",
    "for1": "for",
    "videos": "Videoer",
    "results": "Resultater",
    "by": "av",
    "search": "Søk",
    "skipSilenceDes": "Hopper over tomme deler under musikkavspilling",
    "searchDes": "Spor, spilleliste, album, eller artist",
    "ignoreBatOptDes": "Hvis du har merknadsproblemer eller avspilling stoppes av systemoptimalisering",
    "githubDes": "Vis kildekoden.\nHvis du liker prosjektet kan du gi en ⭐",
    "songRemovedAlert": "Fjernet fra",
    "dontShowInfoAgain": "Ikke vis denne infoen igjen",
    "nomatch": "Resultatløst for",
    "radioNotAvailable": "Radio ikke tilgjengelig for denne artisten",
    "songRemovedfromQueue": "Fjernet fra kø",
    "songRemovedfromQueueCurrSong": "Du kan ikke fjerne et spor som spilles",
    "songAddedToPlaylistAlert": "Spor lagt til i spillelisten",
    "songEnqueueAlert": "Spor lagt i spilleliste",
    "errorOccuredAlert": "En feil inntraff",
    "playlistCreatednsongAddedAlert": "Spilleliste opprettet og spor lagt til",
    "playlistRemovedAlert": "Spilleliste fjernet",
    "playlistBookmarkAddAlert": "Spilleliste bokmerket",
    "playlistBookmarkRemoveAlert": "Spillelistebokmerke fjernet",
    "albumBookmarkAddAlert": "Album bokmerket",
    "albumBookmarkRemoveAlert": "Albumsbokmerke fjernet",
    "artistBookmarkAddAlert": "Arist bokmerket",
    "artistBookmarkRemoveAlert": "Artistbokmerke fjernet",
    "dismiss": "Avslå",
    "lyricsNotAvailable": "Sangtekst utilgjengelig",
    "artistDesNotAvailable": "Beskrivelse utilgjengelig",
    "notaSongVideo": "Ikke et spor/musikkvideo",
    "operationFailed": "Operasjonen mislyktes",
    "CreateNewPlaylist": "Opprett ny spilleliste",
    "cancel": "Avbryt",
    "playlists": "Spillelister",
    "albums": "Album",
    "artists": "Artister",
    "settings": "Innstillinger",
    "favorites": "Favoritter",
    "recentlyPlayed": "Nylig spilt",
    "songs": "Spor",
    "libSongs": "Biblioteksspor",
    "libPlaylists": "Biblioteksspillelister",
    "libAlbums": "Biblioteksalbum",
    "libArtists": "Biblioteksartister",
    "items": "elementer",
    "retry": "Prøv igjen",
    "noOfflineSong": "Ingen frakoblede spor",
    "emptyPlaylist": "Tom spilleliste",
    "networkError1": "Nettverksfeil",
    "cachedOrOffline": "Hurtiglagret/frakoblet",
    "goToDownloadPage": "Klikk her for å gå til nedlastingssiden",
    "local": "Lokalt",
    "link": "Link",
    "unLink": "Koble fra",
    "linkPipedDes": "Link med piped for spillelister",
    "linkAlert": "Tilknyttet vellykket!",
    "unlinkAlert": "Koblet fra!",
    "playlistBlacklistAlert": "Spilleliste svartelistet!",
    "resetblacklistedplaylistDes": "Tilbakestill alle svartelistede spillelister",
    "stopMusicOnTaskClearDes": "Musikkavspilling stopper når appen sveipes bort fra oppgavebehandlingen",
    "selectAuthIns": "Velg Auth Instance",
    "stopMusicOnTaskClear": "Stopp musikk",
    "username": "Brukernavn",
    "reset": "Nullstille",
    "blacklistPlstResetAlert": "Tilbakestill vellykket!",
    "password": "Passord",
    "resetblacklistedplaylist": "Tilbakestill svartelistede spillelister",
    "communityplaylists": "Gemenskapsspillelister",
    "languageDes": "Sett programspråk",
    "customInsSelectMsg": "Velg egendefinert instans",
    "allFieldsReqMsg": "Alle felter må fylles ut",
    "rename": "Gi nytt navn",
    "selectAuthInsMsg": "Velg identitetbereftelsesinstans.",
    "customIns": "Egendefinert instans",
    "Piped": "Pipe",
    "topmusicvideos": "Topp-musikkvideoer",
    "singles": "Singler",
    "language": "Språk",
    "hintApiUrl": "API-nettadresse til Piped-instans",
    "removeFromPlaylist": "Fjern fra spillelisten",
    "featuredplaylists": "Framhevede spillelister",
    "quickpicks": "Hurtigvalg",
    "library": "Bibliotek",
    "synced": "Synkronisert",
    "cancelTimerAlert": "Tidsavbrudd avbrutt",
    "minutes": "minutter"
}
