{
    "playlistCreatednsongAddedAlert": "ପ୍ଲେଲିଷ୍ଟ ସୃଷ୍ଟି ଏବଂ ଗୀତ ଯୋଡା ଯାଇଛି!",
    "dismiss": "ବରଖାସ୍ତ",
    "goToDownloadPage": "ପୃଷ୍ଠା ଡାଉନଲୋଡ୍ କରିବାକୁ ଯିବାକୁ ଏଠାରେ କ୍ଲିକ୍ କରନ୍ତୁ",
    "songEnqueueAlert": "ଗୀତଟି ଧାଡିରେ ଯୋଡା ଯାଇଗଲା!",
    "renamePlaylist": "ପ୍ଲେଲିଷ୍ଟକୁ ପୁନଃନାମକରଣ କରନ୍ତୁ",
    "songAddedToPlaylistAlert": "ଗୀତକୁ ପ୍ଲେଲିଷ୍ଟରେ ଯୋଡାଗଲା!",
    "unlinkAlert": "ସଫଳତାର ସହ ସଂଯୋଗ ହୋଇ ନାହିଁ!",
    "playlistCreatedAlert": "ପ୍ଲେଲିଷ୍ଟ ସୃଷ୍ଟି ହୋଇଛି!",
    "reset": "ପୁନଃ ସେଟ କରନ୍ତୁ",
    "unLink": "ସଂଯୋଗ ବିଚ୍ଛିନ୍ନ କରନ୍ତୁ",
    "trending": "ଟ୍ରେଣ୍ଡିଂ",
    "searchRes": "ସନ୍ଧାନ ଫଳାଫଳ",
    "cacheSongsDes": "ଫ୍ୟୁଚର୍ ଅଫ୍ ଲାଇନ୍ ପ୍ଲେବେକ୍ ପାଇଁ ଖେଳିବା ସମୟରେ ଗୀତଗୁଡିକ କ୍ୟାଚ୍ କରିବା, ଏହା ଆପଣଙ୍କ ଡିଭାଇସରେ ଅତିରିକ୍ତ ସ୍ଥାନ ନେବ",
    "password": "ପାସୱାର୍ଡ",
    "noLibPlaylist": "ଆପଣଙ୍କ ପାଖରେ କୌଣସି lib ପ୍ଲେଲିଷ୍ଟ ନାହିଁ!",
    "setDiscoverContent": "ଆବିଷ୍କାର ବିଷୟବସ୍ତୁ ସେଟ କରନ୍ତୁ",
    "networkError1": "Oops ନେଟୱର୍କ ତ୍ରୁଟି!",
    "songRemovedfromQueue": "ଧାଡ଼ିରୁ ହଟାଇ ଦିଆଗଲା!",
    "libSongs": "ଲାଇବ୍ରେରୀ ଗୀତ",
    "githubDes": "GitHub ଉତ୍ସ କୋଡ୍ ଦେଖନ୍ତୁ ,\nଯଦି ଆପଣ ଏହି ପ୍ରୋଜେକ୍ଟ ପସନ୍ଦ କରନ୍ତି, 💥 ଦେବାକୁ ଭୁଲନ୍ତୁ ନାହିଁ",
    "communityplaylists": "କମ୍ୟୁନିଟି ପ୍ଲେ ଲିଷ୍ଟ",
    "playlistRemovedAlert": "ପ୍ଲେଲିଷ୍ଟ ଅପସାରିତ ହୋଇଛି!",
    "libAlbums": "ଲାଇବ୍ରେରୀ ଆଲବମଗୁଡ଼ିକ",
    "albumBookmarkRemoveAlert": "ଆଲବମ୍ ବୁକମାର୍କ ଅପସାରିତ ହୋଇଛି!",
    "notaSongVideo": "ଏକ ଗୀତ/ମ୍ୟୁଜିକ୍-ଭିଡିଓ ନୁହେଁ!",
    "ignoreBatOptDes": "ଯଦି ଆପଣ ବିଜ୍ଞପ୍ତି ସମସ୍ୟାର ସମ୍ମୁଖୀନ ହେଉଛନ୍ତି କିମ୍ବା ସିଷ୍ଟମ୍ ଅପ୍ଟିମାଇଜେସନ୍ ଦ୍ୱାରା ବନ୍ଦ ହୋଇଯାଇଥିବା ପ୍ଲେକ୍, ଦୟାକରି ଏହି ବିକଳ୍ପକୁ ସକ୍ଷମ କରନ୍ତୁ",
    "for1": "ପାଇଁ",
    "low": "ନିମ୍ନ",
    "link": "ଲିଙ୍କ୍",
    "selectAuthIns": "Auth Instance ଚୟନ କରନ୍ତୁ",
    "languageDes": "ଆପ୍ ଭାଷା ବିନ୍ଯାସ କରନ୍ତୁ",
    "stopMusicOnTaskClear": "କାର୍ଯ୍ୟ ପରିଷ୍କାରରେ ସଙ୍ଗୀତକୁ ବନ୍ଦ କରନ୍ତୁ",
    "enqueueAll": "ସମସ୍ତଙ୍କୁ ସଂଲଗ୍ନ କରନ୍ତୁ",
    "customInsSelectMsg": "ଦୟାକରି କଷ୍ଟମ୍ ଇନଷ୍ଟାନ୍ସ୍ ଚୟନ କରନ୍ତୁ",
    "skipSilence": "ନୀରବତା ଛାଡିଦିଅ",
    "create": "ନିର୍ମାଣ କରନ୍ତୁ",
    "equalizer": "ସମାନତା",
    "enqueueSong": "ଏହି ଗୀତକୁ ସଂଲଗ୍ନ କରନ୍ତୁ",
    "noBookmarks": "କୌଣସି ଚିହ୍ନିତ ସ୍ଥାନ ନାହିଁ!",
    "playlists": "ପ୍ଲେ-ଲିଷ୍ଟଗୁଡ଼ିକ",
    "videos": "ଭିଡ଼ିଓ",
    "enabled": "ସକ୍ଷମ",
    "allFieldsReqMsg": "ସମସ୍ତ କ୍ଷେତ୍ର ଆବଶ୍ୟକ",
    "artistBookmarkAddAlert": "କଳାକାର ବୁକମାର୍କ ହୋଇଛି!",
    "removeFromCache": "କ୍ଯାଚ୍ ରୁ କାଢନ୍ତୁ",
    "rename": "ପୁନଃନାମକରଣ କରନ୍ତୁ",
    "viewAll": "ସମସ୍ତ ଦେଖନ୍ତୁ",
    "github": "ଗିଟ୍ ହବ୍",
    "newVersionAvailable": "ନୂତନ ସଂସ୍କରଣ ଉପଲବ୍ଧ!",
    "items": "ବସ୍ତୁ ଗୁଡିକ",
    "subscribers": "ସବସ୍କ୍ରାଇବର",
    "startRadio": "ରେଡିଓ ଆରମ୍ଭ କରନ୍ତୁ",
    "discover": "ଆବିଷ୍କାର କରନ୍ତୁ",
    "cacheSongs": "କ୍ୟାଚ୍ ଗୀତଗୁଡିକ",
    "songAlreadyExists": "ଗୀତ ପୂର୍ବରୁ ଅଛି!",
    "libArtists": "ଲାଇବ୍ରେରୀ କଳାକାର",
    "username": "ଉପଯୋଗକର୍ତ୍ତା ନାମ",
    "light": "ଆଲୋକ",
    "resetblacklistedplaylist": "କଳା ତାଲିକାଭୁକ୍ତ ପ୍ଲେଲିଷ୍ଟଗୁଡ଼ିକୁ ପୁନଃସ୍ଥାପନ କରନ୍ତୁ",
    "dynamic": "ଗତିଶୀଳ",
    "selectAuthInsMsg": "ଦୟାକରି ପ୍ରାମାଣିକିକରଣ ଉଦାହରଣ ଚୟନ କରନ୍ତୁ!",
    "equalizerDes": "ସିଷ୍ଟମ୍ ଇକ୍ୱାଲାଇଜର୍ ଖୋଲନ୍ତୁ",
    "removePlaylist": "ନାଟକ ତାଲିକାକୁ ଅପସାରଣ କରନ୍ତୁ",
    "customIns": "କଷ୍ଟମ୍ ଇନଷ୍ଟାନ୍ସ୍",
    "Piped": "ପାଇପ୍",
    "addToPlaylist": "ନାଟକ ତାଲିକାରେ ଯୋଗ କରନ୍ତୁ",
    "stopMusicOnTaskClearDes": "ଟାସ୍କ ମ୍ୟାନେଜରରୁ ଆପକୁ ସୁଇପ କରିବା ସମୟରେ ସଙ୍ଗୀତ ଚଲାଇବା ବନ୍ଦ ହୋଇଯିବ",
    "cachedOrOffline": "କ୍ୟାଚ୍/ଅଫଲାଇନ",
    "retry": "ପୁନର୍ବାର ଚେଷ୍ଟା କରନ୍ତୁ!",
    "artists": "କଳାକାର",
    "playlistBookmarkAddAlert": "ପ୍ଲେଲିଷ୍ଟ ବୁକମାର୍କ ହୋଇଛି!",
    "albums": "ଆଲବମ୍",
    "radioNotAvailable": "ଏହି କଳାକାରଙ୍କ ପାଇଁ ରେଡିଓ ଉପଲବ୍ଧ ନାହିଁ!",
    "recentlyPlayed": "ନିକଟରେ ଖେଳାଯାଇଥିବା",
    "viewArtist": "ଚିତ୍ରଶିଳ୍ପୀ ଦେଖନ୍ତୁ",
    "createnAdd": "ନିର୍ମାଣ କରନ୍ତୁ ଏବଂ ଯୋଗ କରନ୍ତୁ",
    "topmusicvideos": "ଶୀର୍ଷ ସଂଗୀତ ଭିଡିଓଗୁଡିକ",
    "about": "ବିଷୟରେ",
    "playlistBookmarkRemoveAlert": "ପ୍ଲେଲିଷ୍ଟ ବୁକମାର୍କ ଅପସାରିତ ହୋଇଛି!",
    "systemDefault": "ତନ୍ତ୍ର ପୂର୍ବନିର୍ଦ୍ଧାରିତ",
    "local": "ସ୍ଥାନୀୟ",
    "ignoreBatOpt": "ବ୍ୟାଟେରୀ ଅପ୍ଟିମାଇଜେସନ୍ କୁ ଅଗ୍ରାହ୍ୟ କରନ୍ତୁ",
    "singles": "ଏକାକୀ",
    "linkAlert": "ସଫଳତାର ସହିତ ଲିଙ୍କ୍ ହୋଇଛି!",
    "status": "ସ୍ଥିତି",
    "themeMode": "ଥିମ ଫ୍ୟାସନ",
    "streamingQualityDes": "ସଙ୍ଗୀତ ସ୍ରୋତର ଗୁଣବତ୍ତା",
    "nomatch": "କୌଣସି ମେଳକ ମିଳିଲା ନାହିଁ",
    "notaValidLink": "ଏକ ବୈଧ ଲିଙ୍କ୍ ନୁହେଁ!",
    "emptyPlaylist": "ଖାଲି ପ୍ଲେଲିଷ୍ଟ!",
    "favorites": "ମନପସନ୍ଦ",
    "dark": "ଅନ୍ଧକାର",
    "home": "ଘର",
    "cancel": "ବାତିଲ କରନ୍ତୁ",
    "by": "ଦ୍ୱାରା",
    "streamingQuality": "ଷ୍ଟ୍ରିମିଂ ଗୁଣ",
    "linkPipedDes": "ପ୍ଲେଲିଷ୍ଟ ପାଇଁ ପାଇପ୍ ସହିତ ଲିଙ୍କ୍ କରନ୍ତୁ",
    "libPlaylists": "ଲାଇବ୍ରେରୀ ପ୍ଲେଲିଷ୍ଟଗୁଡ଼ିକ",
    "disabled": "ଅକ୍ଷମ",
    "CreateNewPlaylist": "ନୂତନ ପ୍ଲେଲିଷ୍ଟ ନିର୍ମାଣ କରନ୍ତୁ",
    "blacklistPlstResetAlert": "ସଫଳତାପୂର୍ବକ ପୁନଃ ସେଟ କରାଗଲା!",
    "language": "ଭାଷା",
    "search": "ସନ୍ଧାନ କରନ୍ତୁ",
    "skipSilenceDes": "ମ୍ୟୁଜିକ୍ ପ୍ଲେବ୍ୟାକ୍ରେ ନୀରବତାକୁ ଏଡ଼ାଇ ଦିଆଯିବ",
    "playNext": "ପରବର୍ତ୍ତୀ ଖେଳାନ୍ତୁ",
    "errorOccuredAlert": "କିଛି ତ୍ରୁଟି ଘଟିଲା!",
    "songs": "ଗୀତ",
    "high": "ଉଚ୍ଚ",
    "searchDes": "ଗୀତ,ପ୍ଲେଲିଷ୍ଟ,ଆଲବମ କିମ୍ବା କଳାକାର",
    "results": "ଫଳାଫଳ",
    "playlistBlacklistAlert": "ପ୍ଲେ-ଲିଷ୍ଟ କଳା ତାଲିକାଭୁକ୍ତ!",
    "artistDesNotAvailable": "ବର୍ଣ୍ଣନା ଉପଲବ୍ଧ ନାହିଁ!",
    "resetblacklistedplaylistDes": "ସମସ୍ତ ପାଇପ ବ୍ଲାକଲିଷ୍ଟ ପ୍ଲେଲିଷ୍ଟଗୁଡ଼ିକୁ ପୁନଃସ୍ଥାପନ କରନ୍ତୁ",
    "songRemovedfromQueueCurrSong": "ଆପଣ ବର୍ତ୍ତମାନ ଚାଲୁଥିବା ଗୀତକୁ ଅପସାରଣ କରିପାରିବେ ନାହିଁ",
    "settings": "ବିନ୍ୟାସଗୁଡ଼ିକ",
    "basedOnLast": "ଶେଷ ପାରସ୍ପରିକ କ୍ରିୟା ଉପରେ ଆଧାରିତ",
    "hintApiUrl": "ପାଇପ୍ ଉଦାହରଣକୁ API URL",
    "playlistRenameAlert": "ସଫଳତାର ସହିତ ନାମକରଣ ହୋଇଛି !",
    "albumBookmarkAddAlert": "ଆଲବମ୍ ବୁକମାର୍କ ହୋଇଛି!",
    "removeFromPlaylist": "ନାଟକ ତାଲିକାରୁ କାଢ଼ିଦିଅନ୍ତୁ",
    "lyricsNotAvailable": "ଗୀତ ଉପଲବ୍ଧ ନାହିଁ!",
    "dontShowInfoAgain": "ଏହି ସୂଚନାକୁ ଆଉ ଦେଖାନ୍ତୁ ନାହିଁ",
    "noOfflineSong": "ଅଫଲାଇନ ଗୀତ ନାହିଁ!",
    "featuredplaylists": "ପ୍ରଦର୍ଶିତ ପ୍ଲେଲିଷ୍ଟଗୁଡିକ",
    "quickpicks": "ଶୀଘ୍ର ଚୟନ",
    "artistBookmarkRemoveAlert": "କଳାକାର ବୁକମାର୍କ ଅପସାରିତ ହୋଇଛି!",
    "operationFailed": "ଅପରେସନ୍ ବିଫଳ ହେଲା",
    "goToAlbum": "ଆଲବମକୁ ଯାଆନ୍ତୁ",
    "removeFromQueue": "ଧାଡ଼ିରୁ କାଢ଼ନ୍ତୁ",
    "shareSong": "ଏହି ଗୀତକୁ ସହଭାଗ କରନ୍ତୁ",
    "songRemovedAlert": "ଏଥିରୁ ଅପସାରିତ ହୋଇଛି",
    "downloads": "ଡାଉନଲୋଡ୍",
    "removeFromLib": "ଲାଇବ୍ରେରୀ ଗୀତରୁ ଅପସାରଣ କରନ୍ତୁ",
    "downloadingFormat": "ଫାଇଲ୍ ଫର୍ମାଟ୍ ଡାଉନଲୋଡ୍ କରୁଛି",
    "songAlreadyOfflineAlert": "ଗୀତ କ୍ୟାଶେରେ ଅଫଲାଇନରେ ଅଛି",
    "downloadLocation": "ଅବସ୍ଥାନ ଡାଉନଲୋଡ୍ କରନ୍ତୁ",
    "downloadingFormatDes": "ଫାଇଲ୍ ଫର୍ମାଟ୍ ଡାଉନଲୋଡ୍ କରନ୍ତୁ ଚୟନ କରନ୍ତୁ | \"Opus\" ସର୍ବୋତ୍ତମ ଗୁଣ ପ୍ରଦାନ କରିବ",
    "sleepTimer": "ଶୟନ ସମୟ-ନିୟାମକ",
    "minutes": "ମିନିଟ୍",
    "endOfThisSong": "ଏହି ଗୀତର ଶେଷରେ",
    "library": "ଲାଇବ୍ରେରୀ"
}
