{
    "playlistCreatednsongAddedAlert": "ਪਲੇਲਿਸਟ ਬਣਾਈ ਗਈ ਅਤੇ ਗੀਤ ਜੋੜਿਆ ਗਿਆ!",
    "dismiss": "ਖਾਰਿਜ ਕਰੋ",
    "goToDownloadPage": "ਡਾਊਨਲੋਡ ਪੰਨੇ 'ਤੇ ਜਾਣ ਲਈ ਇੱਥੇ ਕਲਿੱਕ ਕਰੋ",
    "songEnqueueAlert": "ਗੀਤ ਕਤਾਰਬੱਧ ਹੋਇਆ!",
    "renamePlaylist": "ਪਲੇਲਿਸਟ ਦਾ ਨਾਮ ਬਦਲੋ",
    "songAddedToPlaylistAlert": "ਗੀਤ ਪਲੇਲਿਸਟ ਵਿੱਚ ਜੋੜਿਆ ਗਿਆ!",
    "unlinkAlert": "ਸਫਲਤਾਪੂਰਵਕ ਅਨਲਿੰਕ ਕੀਤਾ ਗਿਆ!",
    "playlistCreatedAlert": "ਪਲੇਲਿਸਟ ਬਣਾਈ ਗਈ!",
    "reset": "ਰੀਸੈਟ ਕਰੋ",
    "unLink": "ਹਟਾਓ",
    "trending": "ਪ੍ਰਚਲਿਤ",
    "searchRes": "ਖੋਜ ਦੇ ਨਤੀਜੇ",
    "cacheSongsDes": "ਭਵਿੱਖ/ਆਫਲਾਈਨ ਪਲੇਬੈਕ ਲਈ ਗੀਤਾਂ ਨੂੰ ਚਲਾਉਣ ਸਮੇਂ ਕੈਸ਼ ਕਰਨਾ, ਇਹ ਤੁਹਾਡੀ ਡਿਵਾਈਸ 'ਤੇ ਵਾਧੂ ਥਾਂ ਲਵੇਗਾ",
    "password": "ਪਾਸਵਰਡ",
    "noLibPlaylist": "ਤੁਹਾਡੇ ਕੋਲ ਕੋਈ ਲਾਇਬ੍ਰੇਰੀ ਪਲੇਲਿਸਟ ਨਹੀਂ ਹੈ!",
    "setDiscoverContent": "ਖੋਜ ਸਮੱਗਰੀ ਸੈੱਟ ਕਰੋ",
    "networkError1": "ਓਹੋ ਨੈੱਟਵਰਕ ਗੜਬੜ!",
    "songRemovedfromQueue": "ਕਤਾਰ ਤੋਂ ਹਟਾਇਆ ਗਿਆ!",
    "libSongs": "ਲਾਇਬ੍ਰੇਰੀ ਗੀਤ",
    "githubDes": "ਗਿਟਹੱਬ ਸਰੋਤ ਕੋਡ ਵੇਖੋ\nਜੇਕਰ ਤੁਹਾਨੂੰ ਇਹ ਪ੍ਰੋਜੈਕਟ ਪਸੰਦ ਹੈ, ਤਾਂ ਇੱਕ ⭐ ਦੇਣਾ ਨਾ ਭੁੱਲੋ",
    "communityplaylists": "ਕਮਿਊਨਿਟੀ ਪਲੇਲਿਸਟਾਂ",
    "playlistRemovedAlert": "ਪਲੇਲਿਸਟ ਹਟਾਈ ਗਈ!",
    "libAlbums": "ਲਾਇਬ੍ਰੇਰੀ ਐਲਬਮਾਂ",
    "albumBookmarkRemoveAlert": "ਐਲਬਮ ਬੁੱਕਮਾਰਕ ਹਟਾਇਆ ਗਿਆ!",
    "notaSongVideo": "ਕੋਈ ਗੀਤ/ਸੰਗੀਤ-ਵੀਡੀਓ ਨਹੀਂ!",
    "ignoreBatOptDes": "ਜੇਕਰ ਤੁਸੀਂ ਨੋਟੀਫਿਕੇਸ਼ਨ ਸਮੱਸਿਆਵਾਂ ਦਾ ਸਾਹਮਣਾ ਕਰ ਰਹੇ ਹੋ ਜਾਂ ਸਿਸਟਮ ਆਪਟੀਮਾਈਜੇਸ਼ਨ ਦੁਆਰਾ ਪਲੇਬੈਕ ਨੂੰ ਰੋਕ ਦਿੱਤਾ ਜਾਂਦਾ ਹੈ, ਤਾਂ ਕਿਰਪਾ ਕਰਕੇ ਇਸ ਵਿਕਲਪ ਨੂੰ ਚਾਲੂ ਕਰੋ",
    "for1": "ਦੇ ਲਈ",
    "low": "ਘੱਟ",
    "link": "ਜੋੜੋ",
    "selectAuthIns": "ਪ੍ਰਮਾਣਿਕਤਾ ਇੰਸਟੈਂਸ ਚੁਣੋ",
    "languageDes": "ਐਪ ਭਾਸ਼ਾ ਸੈੱਟ ਕਰੋ",
    "stopMusicOnTaskClear": "ਟਾਸਕ ਕਲੀਅਰ 'ਤੇ ਸੰਗੀਤ ਬੰਦ ਕਰੋ",
    "enqueueAll": "ਸਭ ਨੂੰ ਕਤਾਰਬੱਧ ਕਰੋ",
    "customInsSelectMsg": "ਕਿਰਪਾ ਕਰਕੇ ਕਸਟਮ ਇੰਸਟੈਂਸ ਚੁਣੋ",
    "skipSilence": "ਚੁੱਪ ਛੱਡੋ",
    "create": "ਬਣਾਓ",
    "equalizer": "ਇਕੁਆਲਾਈਜ਼ਰ",
    "enqueueSong": "ਇਸ ਗੀਤ ਨੂੰ ਕਤਾਰਬੱਧ ਕਰੋ",
    "noBookmarks": "ਕੋਈ ਬੁੱਕਮਾਰਕ ਨਹੀਂ!",
    "playlists": "ਪਲੇਲਿਸਟ",
    "videos": "ਵੀਡੀਓ",
    "enabled": "ਇਨੇਬਲ ਕੀਤੇ",
    "allFieldsReqMsg": "ਸਾਰੇ ਖੇਤਰ ਲੋੜੀਂਦੇ ਹਨ",
    "artistBookmarkAddAlert": "ਕਲਾਕਾਰ ਬੁੱਕਮਾਰਕ ਕੀਤਾ ਗਿਆ!",
    "removeFromCache": "ਕੈਸ਼ ਤੋਂ ਹਟਾਓ",
    "rename": "ਨਾਮ ਬਦਲੋ",
    "viewAll": "ਸਾਰੇ ਦੇਖੋ",
    "github": "ਗਿਟਹੱਬ",
    "newVersionAvailable": "ਨਵਾਂ ਸੰਸਕਰਣ ਉਪਲੱਬਧ ਹੈ!",
    "items": "ਆਈਟਮਾਂ",
    "subscribers": "ਸਬਸਕ੍ਰਾਈਬਰਜ਼",
    "startRadio": "ਰੇਡੀਓ ਸ਼ੁਰੂ ਕਰੋ",
    "discover": "ਖੋਜੋ",
    "cacheSongs": "ਕੈਸ਼ ਕੀਤੇ ਗੀਤ",
    "songAlreadyExists": "ਗੀਤ ਪਹਿਲਾਂ ਹੀ ਮੌਜੂਦ ਹੈ!",
    "libArtists": "ਲਾਇਬ੍ਰੇਰੀ ਕਲਾਕਾਰ",
    "username": "ਵਰਤੋਂਕਾਰ ਦਾ ਨਾਂ",
    "light": "ਸਫ਼ੈਦ",
    "resetblacklistedplaylist": "ਬਲੈਕਲਿਸਟ ਕੀਤੀਆਂ ਪਲੇਲਿਸਟਾਂ ਨੂੰ ਰੀਸੈਟ ਕਰੋ",
    "dynamic": "ਡਾਇਨੈਮਿਕ",
    "selectAuthInsMsg": "ਕਿਰਪਾ ਕਰਕੇ ਪ੍ਰਮਾਣੀਕਰਨ ਇੰਸਟੈਂਸ ਚੁਣੋ!",
    "equalizerDes": "ਇਕੁਆਲਾਈਜ਼ਰ ਸੈਟਿੰਗਾਂ ਖੋਲ੍ਹੋ",
    "removePlaylist": "ਪਲੇਲਿਸਟ ਹਟਾਓ",
    "customIns": "ਕਸਟਮ ਇੰਸਟੈਂਸ",
    "Piped": "ਪਾਈਪਡ",
    "addToPlaylist": "ਪਲੇਲਿਸਟ ਵਿੱਚ ਜੋੜ੍ਹੋ",
    "stopMusicOnTaskClearDes": "ਇਸ ਐਪ ਨੂੰ ਟਾਸਕ ਮੈਨੇਜਰ ਤੋਂ ਸਵਾਈਪ ਕੀਤੇ ਜਾਣ 'ਤੇ ਸੰਗੀਤ ਪਲੇਬੈਕ ਬੰਦ ਹੋ ਜਾਵੇਗਾ",
    "cachedOrOffline": "ਕੈਸ਼ ਕੀਤਾ/ਆਫਲਾਈਨ",
    "retry": "ਮੁੜ-ਕੋਸ਼ਿਸ਼ ਕਰੋ!",
    "artists": "ਕਲਾਕਾਰ",
    "playlistBookmarkAddAlert": "ਪਲੇਲਿਸਟ ਬੁੱਕਮਾਰਕ ਕੀਤੀ ਗਈ!",
    "albums": "ਐਲਬਮ",
    "radioNotAvailable": "ਇਸ ਕਲਾਕਾਰ ਲਈ ਰੇਡੀਓ ਉਪਲਬਧ ਨਹੀਂ ਹੈ!",
    "recentlyPlayed": "ਹਾਲ ਹੀ ਵਿੱਚ ਚਲਾਏ ਗਏ",
    "viewArtist": "ਕਲਾਕਾਰ ਵੇਖੋ",
    "createnAdd": "ਬਣਾਓ ਅਤੇ ਜੋੜੋ",
    "topmusicvideos": "ਚੋਟੀ ਦੇ ਸੰਗੀਤ ਵੀਡੀਓ",
    "about": "ਦੇ ਬਾਰੇ",
    "playlistBookmarkRemoveAlert": "ਪਲੇਲਿਸਟ ਬੁੱਕਮਾਰਕ ਹਟਾਇਆ ਗਿਆ!",
    "systemDefault": "ਸਿਸਟਮ ਡੀਫ਼ਾਲਟ",
    "local": "ਸਥਾਨਕ",
    "ignoreBatOpt": "ਬੈਟਰੀ ਅਨੁਕੂਲਤਾ ਨੂੰ ਅਣਡਿੱਠ ਕਰੋ",
    "singles": "ਸਿੰਗਲਜ਼",
    "linkAlert": "ਸਫਲਤਾਪੂਰਵਕ ਲਿੰਕ ਕੀਤਾ ਗਿਆ!",
    "status": "ਸਥਿਤੀ",
    "themeMode": "ਥੀਮ ਮੋਡ",
    "streamingQualityDes": "ਸੰਗੀਤ ਸਟ੍ਰੀਮ ਦੀ ਕੁਆਲਿਟੀ",
    "nomatch": "ਲਈ ਕੋਈ ਮੇਲ ਨਹੀਂ ਮਿਲਿਆ",
    "notaValidLink": "ਵੈਧ ਲਿੰਕ ਨਹੀਂ ਹੈ!",
    "emptyPlaylist": "ਖਾਲੀ ਪਲੇਲਿਸਟ!",
    "favorites": "ਮਨਪਸੰਦ",
    "dark": "ਗਹਿਰਾ",
    "home": "ਘਰ",
    "cancel": "ਰੱਦ ਕਰੋ",
    "by": "ਦੁਆਰਾ",
    "streamingQuality": "ਸਟ੍ਰੀਮਿੰਗ ਕੁਆਲਿਟੀ",
    "linkPipedDes": "ਪਲੇਲਿਸਟਸ ਲਈ ਪਾਈਪਡ ਦੇ ਨਾਲ ਲਿੰਕ ਕਰੋ",
    "libPlaylists": "ਲਾਇਬ੍ਰੇਰੀ ਪਲੇਲਿਸਟਾਂ",
    "disabled": "ਡਿਸੇਬਲ ਕੀਤੇ",
    "CreateNewPlaylist": "ਨਵੀਂ ਪਲੇਲਿਸਟ ਬਣਾਓ",
    "blacklistPlstResetAlert": "ਸਫਲਤਾਪੂਰਵਕ ਰੀਸੈਟ ਹੋਇਆ!",
    "language": "ਭਾਸ਼ਾ",
    "search": "ਖੋਜ ਕਰੋ",
    "skipSilenceDes": "ਸੰਗੀਤ ਪਲੇਬੈਕ ਵਿੱਚ ਚੁੱਪ ਛੱਡ ਦਿੱਤੀ ਜਾਵੇਗੀ",
    "playNext": "ਅਗਲਾ ਚਲਾਓ",
    "errorOccuredAlert": "ਕੁਝ ਤਰੁੱਟੀ ਆਈ ਹੈ!",
    "songs": "ਗੀਤ",
    "high": "ਉੱਚ",
    "searchDes": "ਗੀਤ, ਪਲੇਲਿਸਟ, ਐਲਬਮ ਜਾਂ ਕਲਾਕਾਰ",
    "results": "ਨਤੀਜੇ",
    "playlistBlacklistAlert": "ਪਲੇਲਿਸਟ ਬਲੈਕਲਿਸਟ ਕੀਤੀ ਗਈ!",
    "artistDesNotAvailable": "ਵੇਰਵਾ ਉਪਲੱਬਧ ਨਹੀਂ ਹੈ!",
    "resetblacklistedplaylistDes": "ਸਾਰੀਆਂ ਪਾਈਪ ਬਲੈਕਲਿਸਟ ਕੀਤੀਆਂ ਪਲੇਲਿਸਟਾਂ ਨੂੰ ਰੀਸੈਟ ਕਰੋ",
    "songRemovedfromQueueCurrSong": "ਤੁਸੀਂ ਇਸ ਸਮੇਂ ਚੱਲ ਰਹੇ ਗੀਤ ਨੂੰ ਨਹੀਂ ਹਟਾ ਸਕਦੇ",
    "settings": "ਸੈਟਿੰਗਾਂ",
    "basedOnLast": "ਆਖਰੀ ਪਰਸਪਰ ਪ੍ਰਭਾਵ ਦੇ ਆਧਾਰ 'ਤੇ",
    "hintApiUrl": "ਪਾਈਪਡ ਇੰਸਟੈਂਸ ਲਈ API ਯੂਆਰਐਲ",
    "playlistRenameAlert": "ਨਾਮ ਸਫਲਤਾਪੂਰਵਕ ਬਦਲਿਆ ਗਿਆ!",
    "albumBookmarkAddAlert": "ਐਲਬਮ ਬੁੱਕਮਾਰਕ ਕੀਤੀ ਗਈ!",
    "removeFromPlaylist": "ਪਲੇਲਿਸਟ ਤੋਂ ਹਟਾਓ",
    "lyricsNotAvailable": "ਬੋਲ ਉਪਲੱਬਧ ਨਹੀਂ ਹਨ!",
    "dontShowInfoAgain": "ਇਸ ਜਾਣਕਾਰੀ ਨੂੰ ਦੁਬਾਰਾ ਨਾ ਵਿਖਾਓ",
    "noOfflineSong": "ਕੋਈ ਆਫਲਾਈਨ ਗੀਤ ਨਹੀਂ!",
    "featuredplaylists": "ਫੀਚਰਡ ਪਲੇਲਿਸਟਾਂ",
    "quickpicks": "ਤਤਕਾਲ ਚੋਣ",
    "artistBookmarkRemoveAlert": "ਕਲਾਕਾਰ ਬੁੱਕਮਾਰਕ ਹਟਾਇਆ ਗਿਆ!",
    "operationFailed": "ਕਾਰਵਾਈ ਅਸਫਲ ਰਹੀ",
    "goToAlbum": "ਐਲਬਮ 'ਤੇ ਜਾਓ",
    "removeFromQueue": "ਕਤਾਰ ਤੋਂ ਹਟਾਓ",
    "shareSong": "ਇਸ ਗੀਤ ਨੂੰ ਸ਼ੇਅਰ ਕਰੋ",
    "songRemovedAlert": "ਤੋਂ ਹਟਾਇਆ ਗਿਆ",
    "downloads": "ਡਾਊਨਲੋਡਸ",
    "removeFromLib": "ਲਾਇਬ੍ਰੇਰੀ ਗੀਤਾਂ ਤੋਂ ਹਟਾਓ",
    "downloadingFormat": "ਡਾਊਨਲੋਡ ਕਰੋ ਫਾਈਲ ਫਾਰਮੈਟ",
    "songAlreadyOfflineAlert": "ਗੀਤ ਪਹਿਲਾਂ ਹੀ ਕੈਸ਼ ਵਿੱਚ ਔਫਲਾਈਨ ਹੈ",
    "downloadLocation": "ਟਿਕਾਣਾ ਡਾਊਨਲੋਡ ਕਰੋ",
    "downloadingFormatDes": "ਡਾਊਨਲੋਡਿੰਗ ਫਾਈਲ ਫਾਰਮੈਟ ਚੁਣੋ। \"ਓਪਸ\" ਵਧੀਆ ਗੁਣਵੱਤਾ ਪ੍ਰਦਾਨ ਕਰੇਗਾ",
    "library": "ਲਾਇਬ੍ਰੇਰੀ",
    "sleepTimer": "ਸਲੀਪ ਟਾਈਮਰ",
    "minutes": "ਮਿੰਟ"
}
