{
    "home": "Główna",
    "songs": "Utwory",
    "playlists": "Playlisty",
    "albums": "Albumy",
    "artists": "Wykonawcy",
    "settings": "Ustawienia",
    "libAlbums": "Biblioteka Albumów",
    "libArtists": "Biblioteka Wykonawców",
    "items": "pozycje",
    "libSongs": "Biblioteka utworów",
    "libPlaylists": "Biblioteka Playlist",
    "networkError1": "Ups, błąd sieci!",
    "retry": "Spróbuj ponownie!",
    "noOfflineSong": "Brak utworów offline!",
    "recentlyPlayed": "Ostatnio odtwarzane",
    "favorites": "Ulubione",
    "emptyPlaylist": "Playlista jest pusta!",
    "enqueueAll": "Kolejkuj wszystkie",
    "renamePlaylist": "Zmień nazwę playlisty",
    "removePlaylist": "Usuń playlistę",
    "CreateNewPlaylist": "Utwórz nową playlistę",
    "create": "Utwórz",
    "createnAdd": "Utwórz i dodaj",
    "noBookmarks": "Brak zakładek!",
    "startRadio": "Uruchom radio",
    "playNext": "Odtwórz następny",
    "addToPlaylist": "Dodaj do playlisty",
    "noLibPlaylist": "Nie masz żadnej playlisty!",
    "enqueueSong": "Dodaj ten utwór do kolejki",
    "goToAlbum": "Przejdź do albumu",
    "viewArtist": "Zobacz wykonawcę",
    "shareSong": "Udostępnij ten utwór",
    "removeFromQueue": "Usuń z kolejki",
    "themeMode": "Motyw",
    "dynamic": "Dynamiczny",
    "systemDefault": "Domyślne ustawienia systemowe",
    "dark": "Ciemny",
    "light": "Jasny",
    "setDiscoverContent": "Wykryj zawartość",
    "quickPics": "Chwytliwe fotki",
    "discover": "Odkrywaj",
    "topMusicVid": "Najlepsze teledyski",
    "basedOnLast": "Na podstawie ostatniej interakcji",
    "trending": "Trendy",
    "cacheSongs": "Utwory w pamięci podręcznej",
    "skipSilence": "Pomiń ciszę",
    "cacheSongsDes": "Utwory w pamięci podręcznej podczas odtwarzania w przyszłości/odtwarzanie offline zajmie dodatkowe miejsce na urządzeniu",
    "skipSilenceDes": "Cisza będzie pomijana podczas odtwarzania muzyki",
    "streamingQuality": "Jakość streamingu",
    "streamingQualityDes": "Jakość strumienia muzyki",
    "high": "Wysoka",
    "low": "Niska",
    "equalizer": "Korektor dźwięku",
    "ignoreBatOpt": "Zignoruj optymalizację baterii",
    "equalizerDes": "Otwórz korektor systemowy",
    "ignoreBatOptDes": "Jeśli masz problemy z powiadomieniami lub odtwarzanie zostało zatrzymane przez optymalizację systemu, włącz tę opcję",
    "status": "Stan",
    "enabled": "Włączony",
    "disabled": "Wyłączony",
    "github": "Github",
    "githubDes": "Zobacz kod źródłowy na Github, \njeśli podoba Ci się ten projekt, nie zapomnij dać ⭐",
    "by": "autorstwa",
    "search": "Szukaj",
    "searchDes": "Utwory, Playlista, Album lub Wykonawca",
    "searchRes": "Wyniki wyszukiwania",
    "for1": "dla",
    "videos": "Teledyski",
    "viewAll": "Pokaż wszystko",
    "results": "Wyniki",
    "about": "O Harmony Music",
    "songRemovedfromQueue": "Usunięto z kolejki!",
    "radioNotAvailable": "Radio niedostępne dla tego wykonawcy!",
    "songRemovedfromQueueCurrSong": "Nie można usunąć aktualnie odtwarzanego utworu",
    "songAddedToPlaylistAlert": "Utwór dodano do playlisty!",
    "songAlreadyExists": "Ten utwór już istnieje!",
    "songEnqueueAlert": "Utwór dodano do kolejki!",
    "songRemovedAlert": "Usunięto z",
    "errorOccuredAlert": "Wystąpił błąd!",
    "playlistCreatedAlert": "Playlista została utworzona!",
    "playlistCreatednsongAddedAlert": "Utworzono playlistę i dodano utwór!",
    "playlistRenameAlert": "Zmiana nazwy zakończona powodzeniem!",
    "playlistRemovedAlert": "Usunięto Playlistę!",
    "playlistBookmarkAddAlert": "Dodano Playlistę do zakładek!",
    "playlistBookmarkRemoveAlert": "Usunięto Playlistę z zakładek!",
    "albumBookmarkAddAlert": "Dodano Album do zakładek!",
    "albumBookmarkRemoveAlert": "Usunięto Album z zakładek!",
    "artistBookmarkAddAlert": "Dodano Wykonawcę do zakładek!",
    "artistBookmarkRemoveAlert": "Usunięto Wykonawcę do zakładek!",
    "lyricsNotAvailable": "Tekst jest niedostępny!",
    "artistDesNotAvailable": "Opis jest niedostępny!",
    "newVersionAvailable": "Nowa wersja już dostępna!",
    "dontShowInfoAgain": "Nie pokazuj więcej tej informacji",
    "dismiss": "Odrzuć",
    "notaSongVideo": "To nie utwór muzyczny/teledysk!",
    "notaValidLink": "Nieprawidłowy link!",
    "operationFailed": "Operacja zakończyła się niepowodzeniem",
    "link": "Odnośnik",
    "unLink": "Odłącz",
    "local": "Lokalny",
    "selectAuthIns": "Wybierz instancję uwierzytelniania",
    "username": "Nazwa użytkownika",
    "password": "Hasło",
    "linkAlert": "Połączono pomyślnie!",
    "unlinkAlert": "Odłączono pomyślnie!",
    "reset": "Resetuj",
    "resetblacklistedplaylist": "Usuń playlistę z czarnej listy",
    "playlistBlacklistAlert": "Dodaj playlistę do czarnej listy!",
    "cachedOrOffline": "Pamięć podręczna/Oflline",
    "cancel": "Anuluj",
    "removeFromCache": "Usuń z pamięci podręcznej",
    "goToDownloadPage": "Kliknij tutaj, aby przejść do strony pobierania",
    "nomatch": "Nie znaleziono dopasowania dla",
    "linkPipedDes": "Link z potokiem dla list odtwarzania",
    "subscribers": "subskrybentów",
    "resetblacklistedplaylistDes": "Zresetuj wszystkie potokowane playlisty z czarnej listy",
    "blacklistPlstResetAlert": "Zresetowano pomyślnie!",
    "stopMusicOnTaskClearDes": "Odtwarzanie muzyki zostanie zatrzymane, gdy aplikacja zostanie usunięta z menedżera zadań",
    "stopMusicOnTaskClear": "Zatrzymaj muzykę",
    "communityplaylists": "Społecznościowe playlisty",
    "languageDes": "Ustaw język aplikacji",
    "customInsSelectMsg": "Wybierz wystąpienie niestandardowe",
    "allFieldsReqMsg": "Wymagane są wszystkie pola",
    "rename": "Zmień nazwę",
    "selectAuthInsMsg": "Należy wybrać instancję uwierzytelniania!",
    "customIns": "Niestandardowe wystąpienie",
    "Piped": "Piped",
    "topmusicvideos": "Najlepsze wideoklipy",
    "singles": "Single",
    "language": "Język",
    "hintApiUrl": "URL API do instancji Piped",
    "removeFromPlaylist": "Usuń z playlistę",
    "featuredplaylists": "Polecane playlisty",
    "quickpicks": "Szybki wybór",
    "downloads": "Pobrania",
    "removeFromLib": "Usuń z Biblioteki Utworów",
    "downloadingFormat": "Pobierz format pliku",
    "songAlreadyOfflineAlert": "Utwór jest już offline w pamięci podręcznej",
    "downloadLocation": "Lokalizacja Pobierania",
    "downloadingFormatDes": "Wybierz format pliku do pobrania. „Opus” zapewni najlepszą jakość",
    "library": "Biblioteka",
    "minutes": "minuty",
    "endOfThisSong": "Koniec tej piosenki",
    "enableBottomNav": "Dolny pasek nawigacyjny",
    "enableBottomNavDes": "Przełącz na dolny pasek nawigacyjny",
    "syncedLyricsNotAvailable": "Synchronizowanie tekstu nie jest dostępne!",
    "homeContentCountDes": "Wybierz liczbę początkowej zawartości ekranu głównego (w przybliżeniu). Mniejsze wyniki, szybsze ładowanie",
    "plain": "Zwykły",
    "add5Minutes": "Dodaj 5 minut",
    "sleepTimer": "Wyłącznik czasowy",
    "synced": "Zsynchronizowano",
    "cancelTimerAlert": "Wyłącznik uśpienia anulowany"
}
