{
    "renamePlaylist": "Renomear Playlist",
    "noLibPlaylist": "Você não tem uma biblioteca de playlist!",
    "networkError1": "Oops, erro de conexão!",
    "libSongs": "Biblioteca de Músicas",
    "communityplaylists": "Playlists da Comunidade",
    "libAlbums": "Biblioteca de Álbuns",
    "enqueueAll": "Colocar todas na fila",
    "create": "Criar",
    "enqueueSong": "Colocar na fila",
    "noBookmarks": "Nenhuma salva!",
    "playlists": "Listas de músicas",
    "rename": "Renomear",
    "items": "Itens",
    "startRadio": "Ligar a rádio",
    "downloads": "Baixadas",
    "libArtists": "Biblioteca de Artistas",
    "removePlaylist": "Remover playlist",
    "addToPlaylist": "Adicionar à playlist",
    "cachedOrOffline": "Em cache/Baixadas",
    "retry": "Tente de novo!",
    "artists": "Artistas",
    "albums": "Álbuns",
    "recentlyPlayed": "Tocadas recentemente",
    "viewArtist": "Ver Artista",
    "createnAdd": "Criar e adicionar",
    "singles": "Músicas de divulgação/Single",
    "emptyPlaylist": "Playlist vazia!",
    "favorites": "Favoritos",
    "home": "Início",
    "cancel": "Cancelar",
    "libPlaylists": "Biblioteca de Playlists",
    "CreateNewPlaylist": "Criar nova playlist",
    "playNext": "Reproduzir próxima",
    "songs": "Músicas",
    "settings": "Configurações",
    "removeFromPlaylist": "Remover da playlist",
    "noOfflineSong": "Sem músicas offline!",
    "featuredplaylists": "Playlists em destaque",
    "goToAlbum": "Ir para o álbum",
    "removeFromQueue": "Remover da fila",
    "shareSong": "Compartilhar música",
    "playlistCreatednsongAddedAlert": "Playlist criada e música adicionada!",
    "dismiss": "Dispensar",
    "goToDownloadPage": "Clique aqui para ir à página de download",
    "songEnqueueAlert": "Músicas adicionadas à fila!",
    "songAddedToPlaylistAlert": "Música adicionada à playlist!",
    "unlinkAlert": "Desvinculado com sucesso!",
    "playlistCreatedAlert": "Playlist criada!",
    "reset": "Redefinir",
    "unLink": "Desvincular",
    "trending": "Populares",
    "searchRes": "Resultados da pesquisa",
    "cacheSongsDes": "Baixar músicas para ouvir offline consumirá espaço adicional em seu dispositivo",
    "password": "Senha",
    "setDiscoverContent": "Definir conteúdo sugerido",
    "songRemovedfromQueue": "Removido da fila!",
    "githubDes": "Veja o código fonte no GitHub\nSe você gosta desse projeto, não esqueça de dar uma ⭐",
    "playlistRemovedAlert": "Playlist removida!",
    "albumBookmarkRemoveAlert": "Álbum não mais salvo!",
    "notaSongVideo": "Não é uma música/videoclipe!",
    "ignoreBatOptDes": "Se você está tendo problemas de notificação ou som pausado devido à otimização do sistema, por favor ative essa opção",
    "for1": "Para",
    "low": "Baixa",
    "link": "Vincular",
    "selectAuthIns": "Selecione Instância de Autenticação",
    "languageDes": "Definir linguagem do aplicativo",
    "stopMusicOnTaskClear": "Parar música no gerenciador de tarefas",
    "customInsSelectMsg": "Selecione a Instância Personalizada",
    "skipSilence": "Pular silêncio",
    "equalizer": "Equalizador",
    "videos": "Vídeos",
    "enabled": "Habilitado",
    "allFieldsReqMsg": "Todos os campos são necessários",
    "artistBookmarkAddAlert": "Artista salvo!",
    "viewAll": "Ver todos",
    "github": "GitHub",
    "newVersionAvailable": "Nova versão disponível!",
    "subscribers": "Inscritos",
    "discover": "Descubra",
    "cacheSongs": "Músicas baixadas",
    "removeFromLib": "Remover da Biblioteca de Músicas",
    "songAlreadyExists": "Música já existe!",
    "downloadingFormat": "Formato do arquivo baixado",
    "username": "Nome de usuário",
    "light": "Claro",
    "resetblacklistedplaylist": "Definir playlists da lista negra",
    "dynamic": "Dinâmica",
    "selectAuthInsMsg": "Selecione uma instância de Autenticação!",
    "equalizerDes": "Abrir equalizador do sistema",
    "customIns": "Instância personalizada",
    "Piped": "Piped",
    "stopMusicOnTaskClearDes": "A música será interrompida quando o aplicativo for removido do gerenciador de tarefas",
    "playlistBookmarkAddAlert": "Playlist salva!",
    "radioNotAvailable": "Rádio não disponível para esse artista!",
    "topmusicvideos": "Clipes musicais do momento",
    "about": "Sobre",
    "playlistBookmarkRemoveAlert": "Playlist não mais salva!",
    "systemDefault": "Padrão do sistema",
    "local": "Local",
    "ignoreBatOpt": "Ignorar otimização da bateria",
    "linkAlert": "Vinculado com sucesso!",
    "status": "Status/Situação",
    "themeMode": "Modo do tema",
    "streamingQualityDes": "Qualidade da transmissão das músicas",
    "nomatch": "Sem resultados para",
    "notaValidLink": "Link inválido!",
    "dark": "Escuro",
    "by": "Por",
    "streamingQuality": "Qualidade da transmissão",
    "linkPipedDes": "Vincular as playlist com Piped",
    "disabled": "Desabilitado",
    "blacklistPlstResetAlert": "Redefinido com sucesso!",
    "language": "Língua",
    "search": "Procurar",
    "songAlreadyOfflineAlert": "Músicas baixadas já disponíveis para reprodução offline",
    "skipSilenceDes": "Silêncio será pulado quando houver",
    "errorOccuredAlert": "Aconteceu algum erro!",
    "high": "Alta",
    "searchDes": "Músicas, Playlists, Álbum ou Artista",
    "results": "Resultados",
    "playlistBlacklistAlert": "Playlist adicionada à lista negra!",
    "artistDesNotAvailable": "Descrição não disponível!",
    "resetblacklistedplaylistDes": "Redefinir todas as playlists da lista negra do Piped",
    "downloadLocation": "Local do download",
    "songRemovedfromQueueCurrSong": "Você não pode remover a música enquanto toca",
    "basedOnLast": "Baseado nas últimas interações",
    "hintApiUrl": "API URL para instância Piped",
    "playlistRenameAlert": "Renomeado com sucesso!",
    "downloadingFormatDes": "Selecione o formato do arquivo para baixar. \"Opus\" possui a melhor qualidade",
    "albumBookmarkAddAlert": "Álbum salvo!",
    "lyricsNotAvailable": "Letra não disponível!",
    "dontShowInfoAgain": "Não mostrar novamente",
    "quickpicks": "Escolhas rápidas",
    "artistBookmarkRemoveAlert": "Artista não mais salvo!",
    "operationFailed": "Operação falhou",
    "songRemovedAlert": "Removida da/do",
    "library": "Biblioteca",
    "synced": "Sincronizado",
    "sleepTimer": "Temporizador de Suspensão",
    "minutes": "minutos",
    "cancelTimerAlert": "O despertador foi cancelado"
}
