{
    "home": "Домой",
    "songs": "Песни",
    "playlists": "Плейлисты",
    "albums": "Альбомы",
    "artists": "Исполнители",
    "settings": "Настройки",
    "libSongs": "Библиотека Песни",
    "libPlaylists": "Библиотека Плейлисты",
    "libAlbums": "Библиотека Альбомы",
    "libArtists": "Библиотека Артисты",
    "items": "объекты",
    "networkError1": "Ой, ошибка сети!",
    "retry": "Повторите попытку!",
    "noOfflineSong": "Нет оффлайн песен!",
    "recentlyPlayed": "Недавно проиграно",
    "favorites": "Любимые",
    "cachedOrOffline": "Кэш/офлайн",
    "emptyPlaylist": "Пустой плейлист!",
    "enqueueAll": "Добавить все в очередь",
    "renamePlaylist": "Переименовать Плейлист",
    "removePlaylist": "Удалить плейлист",
    "CreateNewPlaylist": "Создать новый плейлист",
    "cancel": "Отмена",
    "create": "Создать",
    "createnAdd": "Создать и добавить",
    "noBookmarks": "Нет закладок!",
    "startRadio": "Запустить радио",
    "playNext": "Включить следующим",
    "addToPlaylist": "Добавить в плейлист",
    "noLibPlaylist": "У вас нет плейлиста библиотек!",
    "enqueueSong": "Добавить эту песню в очередь",
    "goToAlbum": "Перейти в альбом",
    "viewArtist": "Показать Исполнитель",
    "shareSong": "Поделиться этой песней",
    "removeFromCache": "Удалить из кэша",
    "dynamic": "Динамический",
    "systemDefault": "По умолчанию системы",
    "dark": "Тёмный",
    "light": "Светлый",
    "quickPics": "Быстрый выбор",
    "discover": "Обнаружить",
    "trending": "В тренде",
    "topMusicVid": "Лучшие музыкальные клипы",
    "basedOnLast": "На основе последнего взаимодействия",
    "cacheSongs": "Кэш песен",
    "cacheSongsDes": "Кэширование песен во время игры на будущее / оффлайн воспроизведение, это займет дополнительное пространство на вашем устройстве",
    "skipSilence": "Пропускать тишину",
    "skipSilenceDes": "Тишина будет пропущена при воспроизведении музыки",
    "streamingQuality": "Потоковое качество",
    "streamingQualityDes": "Качество музыкального потока",
    "high": "Высокое",
    "low": "Низкое",
    "equalizer": "Эквалайзер",
    "equalizerDes": "открытый системный эквалайзер",
    "ignoreBatOpt": "Игнорировать оптимизацию батареи",
    "ignoreBatOptDes": "Если вы столкнулись с проблемами уведомлений или воспроизведение остановлено оптимизацией системы, пожалуйста, включите эту опцию",
    "status": "Статус",
    "enabled": "Включено",
    "disabled": "Отключено",
    "github": "GitHub",
    "githubDes": "Посмотреть исходный код на GitHub\nесли вам нравится этот проект, не забудьте поставить ⭐",
    "by": "by",
    "search": "Поиск",
    "searchDes": "Песни,Плейлист,Альбом или Исполнитель",
    "searchRes": "Результаты поиска",
    "for1": "для",
    "videos": "Видео",
    "viewAll": "Показать все",
    "results": "Результаты",
    "nomatch": "Совпадений не найдено",
    "subscribers": "подписчики",
    "about": "О",
    "radioNotAvailable": "Радио недоступно для этого исполнителя!",
    "songRemovedfromQueue": "Удалено из очереди!",
    "songRemovedfromQueueCurrSong": "Вы не можете удалить проигрываемую песню",
    "songAddedToPlaylistAlert": "Песня добавлена в плейлист!",
    "songAlreadyExists": "Песня уже существует!",
    "songEnqueueAlert": "Песня добавлена в очередь!",
    "errorOccuredAlert": "Произошла ошибка!",
    "playlistCreatedAlert": "Плейлист создан!",
    "playlistCreatednsongAddedAlert": "Playlist создан и добавлена песня!",
    "playlistRenameAlert": "Переименовано успешно!",
    "playlistRemovedAlert": "Плейлист удален!",
    "playlistBookmarkAddAlert": "Плейлист добавлен в закладки!",
    "playlistBookmarkRemoveAlert": "Закладка с плейлистом удалена!",
    "albumBookmarkAddAlert": "Альбом в закладках!",
    "artistDesNotAvailable": "Описание недоступно!",
    "newVersionAvailable": "Доступна новая версия!",
    "dontShowInfoAgain": "Не показывать эту информацию снова",
    "dismiss": "Скрыть",
    "notaSongVideo": "Не является видео!",
    "albumBookmarkRemoveAlert": "Закладка альбома удалена!",
    "artistBookmarkAddAlert": "Исполнитель в закладках!",
    "artistBookmarkRemoveAlert": "Исполнитель удален из закладок!",
    "notaValidLink": "Некорректная ссылка!",
    "operationFailed": "Операция не удалась",
    "removeFromQueue": "Удалить из очереди",
    "themeMode": "Режимы темы",
    "setDiscoverContent": "Установить открыть контент",
    "songRemovedAlert": "Удалено из",
    "lyricsNotAvailable": "Тексты не доступны!",
    "linkPipedDes": "Связать с Piped для плейлистов",
    "linkAlert": "Связано успешно!",
    "unlinkAlert": "Связь успешно отключена!",
    "reset": "Сбросить",
    "resetblacklistedplaylistDes": "Сбросить все плейлисты из черного списка из Piped",
    "goToDownloadPage": "Нажмите здесь, чтобы перейти на страницу загрузки",
    "local": "На устройстве",
    "link": "Привязать",
    "unLink": "Отвязать",
    "selectAuthIns": "Выберите сервер аутентификации",
    "username": "Имя пользователя",
    "password": "Пароль",
    "playlistBlacklistAlert": "Плейлист занесен в черный список!",
    "blacklistPlstResetAlert": "Сброс выполнен успешно!",
    "resetblacklistedplaylist": "Сбросить плейлисты из черного списка",
    "stopMusicOnTaskClear": "Остановить музыку после выполнения задач",
    "stopMusicOnTaskClearDes": "Воспроизведение музыки остановится, когда приложение будет удалено из диспетчера задач",
    "communityplaylists": "Плейлисты сообщества",
    "languageDes": "Язык приложения",
    "customInsSelectMsg": "Пожалуйста, выберите пользовательский сервер",
    "allFieldsReqMsg": "Все поля обязательны",
    "rename": "Переименовать",
    "selectAuthInsMsg": "Пожалуйста, выберите сервер аутентификации!",
    "customIns": "Пользовательский сервер",
    "Piped": "Piped",
    "topmusicvideos": "Лучшие музыкальные клипы",
    "singles": "Синглы",
    "language": "Язык",
    "hintApiUrl": "URL-адрес API сервера Piped",
    "removeFromPlaylist": "Удалить из плейлиста",
    "featuredplaylists": "Избранные плейлисты",
    "quickpicks": "Быстрый выбор",
    "downloads": "Загрузки",
    "removeFromLib": "Удалить из Библиотека Песни",
    "downloadingFormat": "Формат файла при скачивании",
    "songAlreadyOfflineAlert": "Песня уже офлайн в кеше",
    "downloadLocation": "Папка для загрузок",
    "downloadingFormatDes": "Выберите формат файла загрузки. «Opus» обеспечит лучшее качество",
    "sleepTimer": "Таймер сна",
    "synced": "Синхронизировано",
    "library": "Библиотека",
    "minutes": "минуты",
    "cancelTimerAlert": "Таймер сна отключен"
}
