{
    "playlistCreatednsongAddedAlert": "Плејлиста је направљена и песма је додата!",
    "dismiss": "Одбаци",
    "goToDownloadPage": "Кликните овде да бисте отишли на страницу за преузимање",
    "songEnqueueAlert": "Песма у реду!",
    "renamePlaylist": "Преименуј плејлисту",
    "songAddedToPlaylistAlert": "Песма је додата на плејлисту!",
    "unlinkAlert": "Веза је успешно прекинута!",
    "playlistCreatedAlert": "Плејлиста је направљена!",
    "reset": "Ресетуј",
    "unLink": "Прекид везе",
    "trending": "У тренду",
    "searchRes": "Резултати претраге",
    "cacheSongsDes": "Кеширање песама током пуштања за будућу/офлајн репродукцију ће заузети додатни меморијски простор на вашем уређају",
    "password": "Лозинка",
    "noLibPlaylist": "Немате ниједну збирку плејлиста!",
    "setDiscoverContent": "Подешавања садржаја за откривање",
    "networkError1": "Упс, мрежна грешка!",
    "songRemovedfromQueue": "Уклоњено из реда!",
    "libSongs": "Збирка песама",
    "githubDes": "Погледајте изворни кôд на GitHub-у, \nако вам се свиђа овај пројекат, не заборавите да дате ⭐",
    "communityplaylists": "Плејлисте заједнице",
    "playlistRemovedAlert": "Плејлиста је уклоњена!",
    "libAlbums": "Збирка албума",
    "albumBookmarkRemoveAlert": "Обележивач албума је уклоњен!",
    "notaSongVideo": "Није песма/музички спот!",
    "ignoreBatOptDes": "Ако се суочавате са проблемима са обавештењима или је репродукција заустављена због оптимизације система, омогућите ову опцију",
    "for1": "за",
    "low": "Ниско",
    "link": "Веза",
    "selectAuthIns": "Избор инстанце аутентификације",
    "languageDes": "Подесите језик апликације",
    "stopMusicOnTaskClear": "Заустави музику при чишћењу задатака",
    "enqueueAll": "Стави све у ред",
    "customInsSelectMsg": "Изаберите „Прилагођена инстанца“",
    "skipSilence": "Прескочи тишину",
    "create": "Направи",
    "equalizer": "Еквилајзер",
    "enqueueSong": "Стави ову песму у ред",
    "noBookmarks": "Нема обележивача!",
    "playlists": "Плејлисте",
    "videos": "Видео снимци",
    "enabled": "Омогућено",
    "allFieldsReqMsg": "Неопходна су сва поља",
    "artistBookmarkAddAlert": "Извођач је обележен!",
    "removeFromCache": "Уклони из кеша",
    "rename": "Преименуј",
    "viewAll": "Погледај све",
    "github": "GitHub",
    "newVersionAvailable": "Нова верзија доступна!",
    "items": "предмета",
    "subscribers": "праћења",
    "startRadio": "Покрени радио",
    "discover": "Откриј",
    "cacheSongs": "Кеширај песме",
    "songAlreadyExists": "Песма већ постоји!",
    "libArtists": "Збирка извођача",
    "username": "Корисничко име",
    "light": "Светла",
    "resetblacklistedplaylist": "Ресетуј плејлисте на црној листи",
    "dynamic": "Динамичка",
    "selectAuthInsMsg": "Изаберите инстанцу аутентификације!",
    "equalizerDes": "отворите системски еквилајзер",
    "removePlaylist": "Уклони плејлисту",
    "customIns": "Прилагођена инстанца",
    "Piped": "Piped",
    "addToPlaylist": "Додај на плејлисту",
    "stopMusicOnTaskClearDes": "Репродукција музике ће се зауставити када се апликација уклони из менаџера задатака",
    "cachedOrOffline": "Кеширано/Офлајн",
    "retry": "Покушајте поново!",
    "artists": "Извођачи",
    "playlistBookmarkAddAlert": "Плејлиста је обележена!",
    "albums": "Албуми",
    "radioNotAvailable": "Радио није доступан за овог извођача!",
    "recentlyPlayed": "Недавно пуштано",
    "viewArtist": "Погледај извођача",
    "createnAdd": "Направи и додај",
    "topmusicvideos": "Топ музички спотови",
    "about": "О нама",
    "playlistBookmarkRemoveAlert": "Обележивач плејлисте је уклоњен!",
    "systemDefault": "Системски подразумевано",
    "local": "Локално",
    "ignoreBatOpt": "Игнориши оптимизацију батерије",
    "singles": "Синглови",
    "linkAlert": "Успешно повезано!",
    "status": "Статус",
    "themeMode": "Тема",
    "streamingQualityDes": "Квалитет музичког стрима",
    "nomatch": "Није пронађено подударање за",
    "notaValidLink": "Није важећи линк!",
    "emptyPlaylist": "Празна плејлиста!",
    "favorites": "Омиљено",
    "dark": "Тамна",
    "home": "Почетна",
    "cancel": "Откажи",
    "by": "од",
    "streamingQuality": "Квалитет стримовања",
    "linkPipedDes": "Веза са Piped-ом за плејлисте",
    "libPlaylists": "Збирка плејлиста",
    "disabled": "Онемогућено",
    "CreateNewPlaylist": "Направи нову плејлисту",
    "blacklistPlstResetAlert": "Успешно ресетовано!",
    "language": "Језик",
    "search": "Претрага",
    "skipSilenceDes": "Тишина ће бити прескочена током пуштања музике",
    "playNext": "Пусти следеће",
    "errorOccuredAlert": "Дошло је до грешке!",
    "songs": "Песме",
    "high": "Високо",
    "searchDes": "Песме, плејлиста, албум или извођач",
    "results": "Резултати",
    "playlistBlacklistAlert": "Плејлиста на црној листи!",
    "artistDesNotAvailable": "Опис није доступан!",
    "resetblacklistedplaylistDes": "Ресетујте све плејлисте на црној листи",
    "songRemovedfromQueueCurrSong": "Не можете уклонити песму која је тренутно пуштена",
    "settings": "Подешавања",
    "basedOnLast": "Засновано на последњој интеракцији",
    "hintApiUrl": "URL API-ја до Piped инстанце",
    "playlistRenameAlert": "Преименовано је успешно!",
    "albumBookmarkAddAlert": "Албум је обележен!",
    "removeFromPlaylist": "Уклони са плејлисте",
    "lyricsNotAvailable": "Текст није доступан!",
    "dontShowInfoAgain": "Не приказуј поново ове информације",
    "noOfflineSong": "Нема офлајн песама!",
    "featuredplaylists": "Истакнуте плејлисте",
    "quickpicks": "Брзи избори",
    "artistBookmarkRemoveAlert": "Обележивач извођача је уклоњен!",
    "operationFailed": "Операција неуспела",
    "goToAlbum": "Иди на албум",
    "removeFromQueue": "Уклони из реда",
    "shareSong": "Дели ову песму",
    "songRemovedAlert": "Уклоњено из",
    "downloads": "Преузимања",
    "removeFromLib": "Уклони из збирке песама",
    "downloadingFormat": "Формат фајла за преузимање",
    "songAlreadyOfflineAlert": "Песма је већ офлајн у кешу",
    "downloadLocation": "Локација преузимања",
    "downloadingFormatDes": "Изаберите формат фајла за преузимање. „Opus“ ће обезбедити најбољи квалитет",
    "add5Minutes": "Додај 5 минута",
    "enableBottomNavDes": "Пребаците се на доњу траку за навигацију",
    "syncedLyricsNotAvailable": "Синхронизовани текстови нису доступни!",
    "synced": "Синхронизовано",
    "plain": "Обично",
    "endOfThisSong": "Крај ове песме",
    "library": "Збирка",
    "cancelTimer": "Откажи тајмер",
    "minutes": "минута",
    "enableBottomNav": "Доња трака за навигацију",
    "homeContentCount": "Број почетног садржаја",
    "sleepTimeSetAlert": "Ваш тајмер за спавање је постављен",
    "homeContentCountDes": "Изаберите број иницијалног садржаја почетног екрана (приближно). Мање резултата - брже учитавање",
    "cancelTimerAlert": "Тајмер за спавање је отказан",
    "sleepTimer": "Тајмер за спавање"
}
