{
    "renamePlaylist": "Çalma Listesini Yeniden Adlandır",
    "networkError1": "Oops ağ hatası!",
    "libSongs": "Kütüphane Şarkıları",
    "communityplaylists": "Topluluk çalma listeleri",
    "libAlbums": "Kütüphane Albümleri",
    "enqueueAll": "Tümünü kuyruğa al",
    "create": "Yaratmak",
    "noBookmarks": "Yer işaretleri yok!",
    "playlists": "Çalma Listeleri",
    "rename": "Yeniden adlandır",
    "items": "öğeler",
    "startRadio": "Radyo başlat",
    "libArtists": "Kütüphane Sanatçıları",
    "removePlaylist": "Çalma listesini kaldır",
    "addToPlaylist": "Çalma listesine ekle",
    "cachedOrOffline": "Önbelleğe Alınmış/Çevrimdışı",
    "retry": "Yeniden dene!",
    "artists": "Sanatçılar",
    "albums": "Albümler",
    "recentlyPlayed": "Son çalınan",
    "createnAdd": "Oluştur ve ekle",
    "singles": "Single'lar",
    "emptyPlaylist": "Çalma Listesini Boşalt!",
    "favorites": "Favoriler",
    "home": "Anasayfa",
    "cancel": "İptal et",
    "libPlaylists": "Kütüphane Playlists",
    "CreateNewPlaylist": "Çalma listesi oluştur",
    "playNext": "Bir sonra çal",
    "songs": "Şarkılar",
    "settings": "Ayarlar",
    "noOfflineSong": "Çevrimdışı şarkı yok!",
    "featuredplaylists": "Öne çıkan listeler",
    "playlistCreatednsongAddedAlert": "Çalma listesi teşkil ve şarkı ilave edildi!",
    "dismiss": "Sal",
    "goToDownloadPage": "İndirme sayfasına gidiş buradan",
    "songEnqueueAlert": "Şarkı sıraya kondu!",
    "songAddedToPlaylistAlert": "Çalma listesine şarkı ilave edildi!",
    "unlinkAlert": "Bağlantı başarı ile kesildi!",
    "playlistCreatedAlert": "Çalma listesi teşkil edildi!",
    "reset": "Yeni Baştan Kur",
    "unLink": "Bağı kes",
    "trending": "Meyil",
    "searchRes": "Arama sonucu",
    "cacheSongsDes": "Gelecek veya offline çalma için şarkıları saklama. Telinizde ilave yer kaplayacak",
    "password": "Parola",
    "noLibPlaylist": "Kütüphanende hiç çalma listen yok!",
    "setDiscoverContent": "Keşfet içeriğini seç",
    "songRemovedfromQueue": "Sıradan alındı!",
    "githubDes": "Kaynak kodunu GitHub'da incele\nBu projeyi sevdinse, ⭐lamayı ihmal etme",
    "playlistRemovedAlert": "Çalma listesi silindi!",
    "albumBookmarkRemoveAlert": "Albüm işareti geri alındı!",
    "notaSongVideo": "Şarkı veya Müzik Videosu değil!",
    "ignoreBatOptDes": "Şayet bildirim sorunuyla karşılaşırsan veya çalma sistem tarafından durdurulursa bu tercihi lütfen işaretle",
    "for1": "şunun için",
    "low": "Düşük",
    "link": "Bağla",
    "selectAuthIns": "Yetki Instance'ını seç",
    "languageDes": "App Dilini Seç",
    "stopMusicOnTaskClear": "Task'tan ayrılma halinde müziği durdur",
    "customInsSelectMsg": "Özel Instance'ı lütfen seç",
    "skipSilence": "Sessizliği atla",
    "equalizer": "Equaliser",
    "enqueueSong": "Bunu sıraya koy",
    "videos": "Videolar",
    "enabled": "Devrede",
    "allFieldsReqMsg": "Alanların hepsi elzem",
    "artistBookmarkAddAlert": "Sanatçı işaretlendi!",
    "removeFromCache": "Cache'ten al",
    "viewAll": "Hepsine bak",
    "github": "Git Hub",
    "newVersionAvailable": "Yeni sürüm mevcut!",
    "subscribers": "üyeler",
    "discover": "Keşfet",
    "cacheSongs": "Şarkıları sakla",
    "songAlreadyExists": "Şarkı var zaten!",
    "username": "Rumuz",
    "light": "Aydınlık",
    "resetblacklistedplaylist": "Kara listeyi sıfırla",
    "dynamic": "Değişen",
    "selectAuthInsMsg": "Yetki Instance'ını lütfen seç!",
    "equalizerDes": "System equaliser'ını aç",
    "customIns": "Özel Instance",
    "Piped": "Piped Instance",
    "stopMusicOnTaskClearDes": "Müzik çalma, app, task yöneticisinde kayarak çıkıldığında duracak",
    "playlistBookmarkAddAlert": "Çalma listesi işaretlendi!",
    "radioNotAvailable": "Bu sanatçı için radyo mevcut değil!",
    "viewArtist": "Sanatçıya bak",
    "topmusicvideos": "En Üst Sıradaki Videolar",
    "about": "Hakkında",
    "playlistBookmarkRemoveAlert": "Çalma listesi işareti geri alındı!",
    "systemDefault": "Kurulum var sayılanı",
    "local": "Yerel",
    "ignoreBatOpt": "Pil iyileştirmesine aldırma",
    "linkAlert": "Başarı ile bağlandı!",
    "status": "Durum",
    "themeMode": "Tema Tarzı",
    "streamingQualityDes": "Şarkı akışının kalitesi",
    "nomatch": "Şunun için eşleşme yok,",
    "notaValidLink": "Link doğru değil!",
    "dark": "Koyu",
    "by": "Şu kişinin ürünü,",
    "streamingQuality": "Akış kalitesi",
    "linkPipedDes": "Çalma listeleri için piped'a bağla",
    "disabled": "Devre dışı",
    "blacklistPlstResetAlert": "Başarı ile kuruldu!",
    "language": "Lisan",
    "search": "Ara",
    "skipSilenceDes": "Şarkı çalma sırasında sessizlik atlanacak",
    "errorOccuredAlert": "Bir hata vuku buldu!",
    "high": "Yüksek",
    "searchDes": "Şarkılar, Çalma Listesi, Albüm veya Sanatçı",
    "results": "Sonuç",
    "playlistBlacklistAlert": "Çalma listesinin üstü çizildi!",
    "artistDesNotAvailable": "Tarif mevcut değil!",
    "resetblacklistedplaylistDes": "Piped kara listesinin hepsini sıfırla",
    "songRemovedfromQueueCurrSong": "Çalmakta olanı çıkaramazsın",
    "basedOnLast": "Son etkileşime atfen",
    "hintApiUrl": "API URL'i Piped instance'ına ver",
    "playlistRenameAlert": "Ad başarı ile değiştirildi!",
    "albumBookmarkAddAlert": "Albüm işaretlendi!",
    "removeFromPlaylist": "Çalma listesinden çıkar",
    "lyricsNotAvailable": "Söz mevcut değil!",
    "dontShowInfoAgain": "Bunu yine gösterme",
    "quickpicks": "Hızlı Seçimler",
    "artistBookmarkRemoveAlert": "Sanatçı işareti geri alındı!",
    "operationFailed": "İşlem başarısız oldu",
    "goToAlbum": "Albüme Git",
    "removeFromQueue": "Sıradan al",
    "shareSong": "Bunu paylaş",
    "songRemovedAlert": "Şundan çıkarıldı",
    "downloads": "İndirilenler",
    "removeFromLib": "Kitaplık Şarkılarından Kaldır",
    "downloadingFormat": "Dosya Formatını İndirme",
    "songAlreadyOfflineAlert": "Şarkı zaten önbellekte çevrimdışı",
    "downloadLocation": "İndirme Konumu",
    "downloadingFormatDes": "İndirme dosya biçimini seçin. \"Opus\" en iyi kaliteyi sağlayacak",
    "library": "Kütüphane",
    "minutes": "dakika",
    "synced": "Eşitlendi",
    "cancelTimerAlert": "Uyku zamanlayıcısı iptal edildi",
    "sleepTimer": "Uyku Zamanlayıcısı"
}
