{
    "home": "首页",
    "songs": "歌曲",
    "playlists": "播放列表",
    "albums": "专辑",
    "artists": "音乐人",
    "settings": "设置",
    "libSongs": "曲库",
    "libPlaylists": "播放列表库",
    "libAlbums": "专辑库",
    "libArtists": "音乐人库",
    "items": "项目",
    "networkError1": "哎呀，发生了网络错误！",
    "retry": "重试！",
    "recentlyPlayed": "最近播放",
    "favorites": "收藏夹",
    "cachedOrOffline": "已缓存/离线保存",
    "enqueueAll": "全部加入队列",
    "renamePlaylist": "重命名播放列表",
    "removePlaylist": "移除播放列表",
    "create": "新建",
    "createnAdd": "创建并新增",
    "noBookmarks": "没有收藏！",
    "startRadio": "启动电台",
    "playNext": "播放下一曲",
    "addToPlaylist": "添加到播放列表",
    "noLibPlaylist": "没有任何已入库的播放列表！",
    "enqueueSong": "将此曲加入队列",
    "goToAlbum": "去往专辑",
    "viewArtist": "查看音乐人",
    "shareSong": "分享这首歌",
    "removeFromQueue": "从队列移除",
    "removeFromCache": "D. 从因果关系搬出",
    "themeMode": "主题模式",
    "dynamic": "动态",
    "systemDefault": "系统默认",
    "dark": "暗色",
    "light": "亮色",
    "setDiscoverContent": "设置发现页内容",
    "quickPics": "快速培训",
    "discover": "发现",
    "trending": "趋势",
    "topMusicVid": "Top Music Videos",
    "basedOnLast": "基于上次的交互",
    "cacheSongs": "缓存歌曲",
    "cacheSongsDes": "播放时缓存歌曲以便未来或离线时欣赏，会占用设备的额外空间",
    "skipSilence": "跳过无声部分",
    "skipSilenceDes": "音乐中的无声部分会被跳过",
    "streamingQuality": "串流音质",
    "streamingQualityDes": "音乐串流的质量",
    "high": "高音质",
    "low": "低音质",
    "equalizer": "均衡器",
    "equalizerDes": "打开系统均衡器",
    "ignoreBatOpt": "忽略电池优化",
    "ignoreBatOptDes": "如果遇到通知问题或后台播放被系统停止，请启用此选项",
    "status": "状态",
    "enabled": "已启用",
    "disabled": "已禁用",
    "github": "GitHub",
    "githubDes": "查看 GitHub 源码 \n如果你喜欢本项目，别忘了给一颗 ⭐",
    "by": "由",
    "search": "搜索",
    "searchDes": "歌曲、播放列表、专辑或音乐人",
    "searchRes": "搜索结果",
    "for1": "为",
    "videos": "视频",
    "viewAll": "查看全部",
    "results": "结果",
    "nomatch": "没有发现以下字词的匹配信息",
    "subscribers": "订阅者",
    "about": "关于",
    "radioNotAvailable": "这位音乐人的电台不可用！",
    "songRemovedfromQueue": "已从队列移除！",
    "songRemovedfromQueueCurrSong": "不能移除当前正在播放的歌曲",
    "songAddedToPlaylistAlert": "歌曲已添加到列表！",
    "songAlreadyExists": "这首歌已经存在！",
    "songEnqueueAlert": "已添加歌曲到队列！",
    "songRemovedAlert": "已从中移除",
    "errorOccuredAlert": "出错了！",
    "playlistCreatedAlert": "已创建播放列表！",
    "playlistCreatednsongAddedAlert": "已创建播放列表并添加了歌曲！",
    "playlistRenameAlert": "重命名成功！",
    "playlistRemovedAlert": "已移除播放列表！",
    "playlistBookmarkAddAlert": "已收藏播放列表！",
    "playlistBookmarkRemoveAlert": "已取消收藏播放列表！",
    "albumBookmarkAddAlert": "已收藏专辑！",
    "albumBookmarkRemoveAlert": "已取消收藏专辑！",
    "artistBookmarkAddAlert": "已收藏音乐人！",
    "artistBookmarkRemoveAlert": "已取消收藏音乐人！",
    "lyricsNotAvailable": "歌词不可用！",
    "artistDesNotAvailable": "描述不可用！",
    "newVersionAvailable": "新版本可用！",
    "dontShowInfoAgain": "不要再次显示此信息",
    "dismiss": "忽略",
    "notaSongVideo": "不是歌曲或 MV！",
    "notaValidLink": "不是有效链接！",
    "operationFailed": "操作失败",
    "noOfflineSong": "没有已离线保存的歌曲！",
    "emptyPlaylist": "播放列表是空的！",
    "CreateNewPlaylist": "新建播放列表",
    "cancel": "取消",
    "communityplaylists": "社区播放列表",
    "singles": "单曲",
    "featuredplaylists": "特色播放列表",
    "goToDownloadPage": "点击此处转到下载页面",
    "unlinkAlert": "已成功取消链接！",
    "reset": "重设",
    "unLink": "取消链接",
    "password": "密码",
    "link": "链接",
    "selectAuthIns": "选择认证实例",
    "languageDes": "设置应用语言",
    "stopMusicOnTaskClear": "清除后台任务时停止音乐",
    "customInsSelectMsg": "请选择一个自定义实例",
    "allFieldsReqMsg": "所有的区域均要填写",
    "rename": "重命名",
    "downloads": "下载",
    "removeFromLib": "从曲库移除",
    "downloadingFormat": "下载文件格式",
    "username": "用户名",
    "resetblacklistedplaylist": "重设已拉黑的播放列表",
    "selectAuthInsMsg": "请选择用于身份验证的实例！",
    "customIns": "自定义实例",
    "Piped": "Piped 代理",
    "stopMusicOnTaskClearDes": "音乐后台播放将会在应用被任务管理页划走时停止",
    "topmusicvideos": "热门 MV",
    "local": "本地",
    "linkAlert": "已成功链接！",
    "linkPipedDes": "与 Piped 链接以取得播放列表",
    "blacklistPlstResetAlert": "重设成功！",
    "language": "语言",
    "songAlreadyOfflineAlert": "已离线保存歌曲至缓存中",
    "playlistBlacklistAlert": "已将列表加入黑名单！",
    "resetblacklistedplaylistDes": "重设所有拉黑的 Piped 播放列表",
    "downloadLocation": "下载位置",
    "hintApiUrl": "Piped 实例的 API 地址",
    "downloadingFormatDes": "选择下载所用的文件格式。“Opus”会提供最佳音质",
    "removeFromPlaylist": "从播放列表移除",
    "quickpicks": "歌曲快选",
    "sleepTimer": "睡眠定时器",
    "plain": "普通",
    "library": "音乐库",
    "minutes": "分钟",
    "synced": "已同步",
    "cancelTimerAlert": "睡眠定时器已取消"
}
